"plot_id","year","month","C_foliage_A","C_foliage_W","C_foliage_E","C_foliage_N","C_branches_A","C_branches_W","C_branches_E","C_branches_N","C_stems_A","C_stems_W","C_stems_E","C_stems_N","C_fine_roots_A","C_fine_roots_W","C_fine_roots_E","C_fine_roots_N","C_coarse_roots_A","C_coarse_roots_W","C_coarse_roots_E","C_coarse_roots_N","C_understorey_A","C_understorey_W","C_understorey_E","C_understorey_N","temp_air","precip","evap"
"PLOT_001",2000,1,0.052,0.01,0.002,0.036,0.016667,0.001667,0.001,0.014,0.00375,0.000167,8.3e-05,0.004333,0.029333,0.003333,0.000667,0.033333,0.01125,0.00075,0.00025,0.01275,0.0125,0.00375,0.00075,0.008,-8.3,42,5
"PLOT_001",2000,2,0.052,0.01,0.002,0.036,0.016667,0.001667,0.001,0.014,0.00375,0.000167,8.3e-05,0.004333,0.029333,0.003333,0.000667,0.033333,0.01125,0.00075,0.00025,0.01275,0.0125,0.00375,0.00075,0.008,-7,32.1,5
"PLOT_001",2000,3,0.052,0.01,0.002,0.036,0.016667,0.001667,0.001,0.014,0.00375,0.000167,8.3e-05,0.004333,0.029333,0.003333,0.000667,0.033333,0.01125,0.00075,0.00025,0.01275,0.0125,0.00375,0.00075,0.008,-3.3,37.8,5
"PLOT_001",2000,4,0.052,0.01,0.002,0.036,0.016667,0.001667,0.001,0.014,0.00375,0.000167,8.3e-05,0.004333,0.029333,0.003333,0.000667,0.033333,0.01125,0.00075,0.00025,0.01275,0.0125,0.00375,0.00075,0.008,3.2,38.7,21.3
"PLOT_001",2000,5,0.052,0.01,0.002,0.036,0.016667,0.001667,0.001,0.014,0.00375,0.000167,8.3e-05,0.004333,0.029333,0.003333,0.000667,0.033333,0.01125,0.00075,0.00025,0.01275,0.0125,0.00375,0.00075,0.008,8.3,49.9,41.3
"PLOT_001",2000,6,0.052,0.01,0.002,0.036,0.016667,0.001667,0.001,0.014,0.00375,0.000167,8.3e-05,0.004333,0.029333,0.003333,0.000667,0.033333,0.01125,0.00075,0.00025,0.01275,0.0125,0.00375,0.00075,0.008,14.7,63.6,48.2
"PLOT_001",2000,7,0.052,0.01,0.002,0.036,0.016667,0.001667,0.001,0.014,0.00375,0.000167,8.3e-05,0.004333,0.029333,0.003333,0.000667,0.033333,0.01125,0.00075,0.00025,0.01275,0.0125,0.00375,0.00075,0.008,15.1,76,55.6
"PLOT_001",2000,8,0.052,0.01,0.002,0.036,0.016667,0.001667,0.001,0.014,0.00375,0.000167,8.3e-05,0.004333,0.029333,0.003333,0.000667,0.033333,0.01125,0.00075,0.00025,0.01275,0.0125,0.00375,0.00075,0.008,14.1,82,54.7
"PLOT_001",2000,9,0.052,0.01,0.002,0.036,0.016667,0.001667,0.001,0.014,0.00375,0.000167,8.3e-05,0.004333,0.029333,0.003333,0.000667,0.033333,0.01125,0.00075,0.00025,0.01275,0.0125,0.00375,0.00075,0.008,10.1,88.3,31.5
"PLOT_001",2000,10,0.052,0.01,0.002,0.036,0.016667,0.001667,0.001,0.014,0.00375,0.000167,8.3e-05,0.004333,0.029333,0.003333,0.000667,0.033333,0.01125,0.00075,0.00025,0.01275,0.0125,0.00375,0.00075,0.008,4.9,46.4,22.3
"PLOT_001",2000,11,0.052,0.01,0.002,0.036,0.016667,0.001667,0.001,0.014,0.00375,0.000167,8.3e-05,0.004333,0.029333,0.003333,0.000667,0.033333,0.01125,0.00075,0.00025,0.01275,0.0125,0.00375,0.00075,0.008,-1.9,58.9,5
"PLOT_001",2000,12,0.052,0.01,0.002,0.036,0.016667,0.001667,0.001,0.014,0.00375,0.000167,8.3e-05,0.004333,0.029333,0.003333,0.000667,0.033333,0.01125,0.00075,0.00025,0.01275,0.0125,0.00375,0.00075,0.008,-5.6,50.4,5
"PLOT_001",2001,1,0.055056,0.010588,0.002118,0.038116,0.017646,0.001765,0.001059,0.014823,0.00397,0.000176,8.8e-05,0.004588,0.031058,0.003529,0.000706,0.035293,0.011911,0.000794,0.000265,0.013499,0.013235,0.00397,0.000794,0.00847,-6.5,61.3,5
"PLOT_001",2001,2,0.055056,0.010588,0.002118,0.038116,0.017646,0.001765,0.001059,0.014823,0.00397,0.000176,8.8e-05,0.004588,0.031058,0.003529,0.000706,0.035293,0.011911,0.000794,0.000265,0.013499,0.013235,0.00397,0.000794,0.00847,-6.3,28.9,5
"PLOT_001",2001,3,0.055056,0.010588,0.002118,0.038116,0.017646,0.001765,0.001059,0.014823,0.00397,0.000176,8.8e-05,0.004588,0.031058,0.003529,0.000706,0.035293,0.011911,0.000794,0.000265,0.013499,0.013235,0.00397,0.000794,0.00847,-3.6,43.3,5
"PLOT_001",2001,4,0.055056,0.010588,0.002118,0.038116,0.017646,0.001765,0.001059,0.014823,0.00397,0.000176,8.8e-05,0.004588,0.031058,0.003529,0.000706,0.035293,0.011911,0.000794,0.000265,0.013499,0.013235,0.00397,0.000794,0.00847,3.1,46.2,17.7
"PLOT_001",2001,5,0.055056,0.010588,0.002118,0.038116,0.017646,0.001765,0.001059,0.014823,0.00397,0.000176,8.8e-05,0.004588,0.031058,0.003529,0.000706,0.035293,0.011911,0.000794,0.000265,0.013499,0.013235,0.00397,0.000794,0.00847,10.6,47.1,38.7
"PLOT_001",2001,6,0.055056,0.010588,0.002118,0.038116,0.017646,0.001765,0.001059,0.014823,0.00397,0.000176,8.8e-05,0.004588,0.031058,0.003529,0.000706,0.035293,0.011911,0.000794,0.000265,0.013499,0.013235,0.00397,0.000794,0.00847,14,54.4,56.5
"PLOT_001",2001,7,0.055056,0.010588,0.002118,0.038116,0.017646,0.001765,0.001059,0.014823,0.00397,0.000176,8.8e-05,0.004588,0.031058,0.003529,0.000706,0.035293,0.011911,0.000794,0.000265,0.013499,0.013235,0.00397,0.000794,0.00847,15.8,61.7,64.4
"PLOT_001",2001,8,0.055056,0.010588,0.002118,0.038116,0.017646,0.001765,0.001059,0.014823,0.00397,0.000176,8.8e-05,0.004588,0.031058,0.003529,0.000706,0.035293,0.011911,0.000794,0.000265,0.013499,0.013235,0.00397,0.000794,0.00847,13.2,91.4,49.8
"PLOT_001",2001,9,0.055056,0.010588,0.002118,0.038116,0.017646,0.001765,0.001059,0.014823,0.00397,0.000176,8.8e-05,0.004588,0.031058,0.003529,0.000706,0.035293,0.011911,0.000794,0.000265,0.013499,0.013235,0.00397,0.000794,0.00847,9.4,70.5,36.1
"PLOT_001",2001,10,0.055056,0.010588,0.002118,0.038116,0.017646,0.001765,0.001059,0.014823,0.00397,0.000176,8.8e-05,0.004588,0.031058,0.003529,0.000706,0.035293,0.011911,0.000794,0.000265,0.013499,0.013235,0.00397,0.000794,0.00847,5,36.7,13.5
"PLOT_001",2001,11,0.055056,0.010588,0.002118,0.038116,0.017646,0.001765,0.001059,0.014823,0.00397,0.000176,8.8e-05,0.004588,0.031058,0.003529,0.000706,0.035293,0.011911,0.000794,0.000265,0.013499,0.013235,0.00397,0.000794,0.00847,-2,50.7,5
"PLOT_001",2001,12,0.055056,0.010588,0.002118,0.038116,0.017646,0.001765,0.001059,0.014823,0.00397,0.000176,8.8e-05,0.004588,0.031058,0.003529,0.000706,0.035293,0.011911,0.000794,0.000265,0.013499,0.013235,0.00397,0.000794,0.00847,-7.5,39.7,5
"PLOT_001",2002,1,0.056945,0.010951,0.00219,0.039424,0.018252,0.001825,0.001095,0.015331,0.004107,0.000183,9.1e-05,0.004745,0.032123,0.00365,0.00073,0.036504,0.01232,0.000821,0.000274,0.013963,0.013689,0.004107,0.000821,0.008761,-8.6,28.3,5
"PLOT_001",2002,2,0.056945,0.010951,0.00219,0.039424,0.018252,0.001825,0.001095,0.015331,0.004107,0.000183,9.1e-05,0.004745,0.032123,0.00365,0.00073,0.036504,0.01232,0.000821,0.000274,0.013963,0.013689,0.004107,0.000821,0.008761,-6.4,27.6,5
"PLOT_001",2002,3,0.056945,0.010951,0.00219,0.039424,0.018252,0.001825,0.001095,0.015331,0.004107,0.000183,9.1e-05,0.004745,0.032123,0.00365,0.00073,0.036504,0.01232,0.000821,0.000274,0.013963,0.013689,0.004107,0.000821,0.008761,-1.9,32,5
"PLOT_001",2002,4,0.056945,0.010951,0.00219,0.039424,0.018252,0.001825,0.001095,0.015331,0.004107,0.000183,9.1e-05,0.004745,0.032123,0.00365,0.00073,0.036504,0.01232,0.000821,0.000274,0.013963,0.013689,0.004107,0.000821,0.008761,2.5,34.5,20.9
"PLOT_001",2002,5,0.056945,0.010951,0.00219,0.039424,0.018252,0.001825,0.001095,0.015331,0.004107,0.000183,9.1e-05,0.004745,0.032123,0.00365,0.00073,0.036504,0.01232,0.000821,0.000274,0.013963,0.013689,0.004107,0.000821,0.008761,9.5,38.7,34.4
"PLOT_001",2002,6,0.056945,0.010951,0.00219,0.039424,0.018252,0.001825,0.001095,0.015331,0.004107,0.000183,9.1e-05,0.004745,0.032123,0.00365,0.00073,0.036504,0.01232,0.000821,0.000274,0.013963,0.013689,0.004107,0.000821,0.008761,13.7,62.2,56.6
"PLOT_001",2002,7,0.056945,0.010951,0.00219,0.039424,0.018252,0.001825,0.001095,0.015331,0.004107,0.000183,9.1e-05,0.004745,0.032123,0.00365,0.00073,0.036504,0.01232,0.000821,0.000274,0.013963,0.013689,0.004107,0.000821,0.008761,16.4,77.1,68
"PLOT_001",2002,8,0.056945,0.010951,0.00219,0.039424,0.018252,0.001825,0.001095,0.015331,0.004107,0.000183,9.1e-05,0.004745,0.032123,0.00365,0.00073,0.036504,0.01232,0.000821,0.000274,0.013963,0.013689,0.004107,0.000821,0.008761,13.2,63.9,58.6
"PLOT_001",2002,9,0.056945,0.010951,0.00219,0.039424,0.018252,0.001825,0.001095,0.015331,0.004107,0.000183,9.1e-05,0.004745,0.032123,0.00365,0.00073,0.036504,0.01232,0.000821,0.000274,0.013963,0.013689,0.004107,0.000821,0.008761,10.9,73.2,39.2
"PLOT_001",2002,10,0.056945,0.010951,0.00219,0.039424,0.018252,0.001825,0.001095,0.015331,0.004107,0.000183,9.1e-05,0.004745,0.032123,0.00365,0.00073,0.036504,0.01232,0.000821,0.000274,0.013963,0.013689,0.004107,0.000821,0.008761,3.3,45.1,20.6
"PLOT_001",2002,11,0.056945,0.010951,0.00219,0.039424,0.018252,0.001825,0.001095,0.015331,0.004107,0.000183,9.1e-05,0.004745,0.032123,0.00365,0.00073,0.036504,0.01232,0.000821,0.000274,0.013963,0.013689,0.004107,0.000821,0.008761,-1.4,45.6,5
"PLOT_001",2002,12,0.056945,0.010951,0.00219,0.039424,0.018252,0.001825,0.001095,0.015331,0.004107,0.000183,9.1e-05,0.004745,0.032123,0.00365,0.00073,0.036504,0.01232,0.000821,0.000274,0.013963,0.013689,0.004107,0.000821,0.008761,-8.6,47.9,5
"PLOT_001",2003,1,0.056945,0.010951,0.00219,0.039424,0.018252,0.001825,0.001095,0.015331,0.004107,0.000183,9.1e-05,0.004745,0.032123,0.00365,0.00073,0.036504,0.01232,0.000821,0.000274,0.013963,0.013689,0.004107,0.000821,0.008761,-8.4,38.7,5
"PLOT_001",2003,2,0.056945,0.010951,0.00219,0.039424,0.018252,0.001825,0.001095,0.015331,0.004107,0.000183,9.1e-05,0.004745,0.032123,0.00365,0.00073,0.036504,0.01232,0.000821,0.000274,0.013963,0.013689,0.004107,0.000821,0.008761,-7.9,35.4,5
"PLOT_001",2003,3,0.056945,0.010951,0.00219,0.039424,0.018252,0.001825,0.001095,0.015331,0.004107,0.000183,9.1e-05,0.004745,0.032123,0.00365,0.00073,0.036504,0.01232,0.000821,0.000274,0.013963,0.013689,0.004107,0.000821,0.008761,-2.5,33.7,5
"PLOT_001",2003,4,0.056945,0.010951,0.00219,0.039424,0.018252,0.001825,0.001095,0.015331,0.004107,0.000183,9.1e-05,0.004745,0.032123,0.00365,0.00073,0.036504,0.01232,0.000821,0.000274,0.013963,0.013689,0.004107,0.000821,0.008761,2.4,43.4,16.7
"PLOT_001",2003,5,0.056945,0.010951,0.00219,0.039424,0.018252,0.001825,0.001095,0.015331,0.004107,0.000183,9.1e-05,0.004745,0.032123,0.00365,0.00073,0.036504,0.01232,0.000821,0.000274,0.013963,0.013689,0.004107,0.000821,0.008761,8.1,42.9,30.7
"PLOT_001",2003,6,0.056945,0.010951,0.00219,0.039424,0.018252,0.001825,0.001095,0.015331,0.004107,0.000183,9.1e-05,0.004745,0.032123,0.00365,0.00073,0.036504,0.01232,0.000821,0.000274,0.013963,0.013689,0.004107,0.000821,0.008761,12.1,57,54
"PLOT_001",2003,7,0.056945,0.010951,0.00219,0.039424,0.018252,0.001825,0.001095,0.015331,0.004107,0.000183,9.1e-05,0.004745,0.032123,0.00365,0.00073,0.036504,0.01232,0.000821,0.000274,0.013963,0.013689,0.004107,0.000821,0.008761,16,40.9,62.9
"PLOT_001",2003,8,0.056945,0.010951,0.00219,0.039424,0.018252,0.001825,0.001095,0.015331,0.004107,0.000183,9.1e-05,0.004745,0.032123,0.00365,0.00073,0.036504,0.01232,0.000821,0.000274,0.013963,0.013689,0.004107,0.000821,0.008761,15.3,71.8,57.3
"PLOT_001",2003,9,0.056945,0.010951,0.00219,0.039424,0.018252,0.001825,0.001095,0.015331,0.004107,0.000183,9.1e-05,0.004745,0.032123,0.00365,0.00073,0.036504,0.01232,0.000821,0.000274,0.013963,0.013689,0.004107,0.000821,0.008761,9.4,56.8,35.5
"PLOT_001",2003,10,0.056945,0.010951,0.00219,0.039424,0.018252,0.001825,0.001095,0.015331,0.004107,0.000183,9.1e-05,0.004745,0.032123,0.00365,0.00073,0.036504,0.01232,0.000821,0.000274,0.013963,0.013689,0.004107,0.000821,0.008761,3.6,55.6,25.3
"PLOT_001",2003,11,0.056945,0.010951,0.00219,0.039424,0.018252,0.001825,0.001095,0.015331,0.004107,0.000183,9.1e-05,0.004745,0.032123,0.00365,0.00073,0.036504,0.01232,0.000821,0.000274,0.013963,0.013689,0.004107,0.000821,0.008761,-2.6,43.3,5
"PLOT_001",2003,12,0.056945,0.010951,0.00219,0.039424,0.018252,0.001825,0.001095,0.015331,0.004107,0.000183,9.1e-05,0.004745,0.032123,0.00365,0.00073,0.036504,0.01232,0.000821,0.000274,0.013963,0.013689,0.004107,0.000821,0.008761,-6.4,49.2,5
"PLOT_001",2004,1,0.055056,0.010588,0.002118,0.038116,0.017646,0.001765,0.001059,0.014823,0.00397,0.000176,8.8e-05,0.004588,0.031058,0.003529,0.000706,0.035293,0.011911,0.000794,0.000265,0.013499,0.013235,0.00397,0.000794,0.00847,-7.5,31.7,5
"PLOT_001",2004,2,0.055056,0.010588,0.002118,0.038116,0.017646,0.001765,0.001059,0.014823,0.00397,0.000176,8.8e-05,0.004588,0.031058,0.003529,0.000706,0.035293,0.011911,0.000794,0.000265,0.013499,0.013235,0.00397,0.000794,0.00847,-6.3,28.6,5
"PLOT_001",2004,3,0.055056,0.010588,0.002118,0.038116,0.017646,0.001765,0.001059,0.014823,0.00397,0.000176,8.8e-05,0.004588,0.031058,0.003529,0.000706,0.035293,0.011911,0.000794,0.000265,0.013499,0.013235,0.00397,0.000794,0.00847,-0.7,14.4,9.4
"PLOT_001",2004,4,0.055056,0.010588,0.002118,0.038116,0.017646,0.001765,0.001059,0.014823,0.00397,0.000176,8.8e-05,0.004588,0.031058,0.003529,0.000706,0.035293,0.011911,0.000794,0.000265,0.013499,0.013235,0.00397,0.000794,0.00847,2.6,49.8,14
"PLOT_001",2004,5,0.055056,0.010588,0.002118,0.038116,0.017646,0.001765,0.001059,0.014823,0.00397,0.000176,8.8e-05,0.004588,0.031058,0.003529,0.000706,0.035293,0.011911,0.000794,0.000265,0.013499,0.013235,0.00397,0.000794,0.00847,10.3,57.5,40.3
"PLOT_001",2004,6,0.055056,0.010588,0.002118,0.038116,0.017646,0.001765,0.001059,0.014823,0.00397,0.000176,8.8e-05,0.004588,0.031058,0.003529,0.000706,0.035293,0.011911,0.000794,0.000265,0.013499,0.013235,0.00397,0.000794,0.00847,15.4,53.5,55.5
"PLOT_001",2004,7,0.055056,0.010588,0.002118,0.038116,0.017646,0.001765,0.001059,0.014823,0.00397,0.000176,8.8e-05,0.004588,0.031058,0.003529,0.000706,0.035293,0.011911,0.000794,0.000265,0.013499,0.013235,0.00397,0.000794,0.00847,16.1,48.9,61.5
"PLOT_001",2004,8,0.055056,0.010588,0.002118,0.038116,0.017646,0.001765,0.001059,0.014823,0.00397,0.000176,8.8e-05,0.004588,0.031058,0.003529,0.000706,0.035293,0.011911,0.000794,0.000265,0.013499,0.013235,0.00397,0.000794,0.00847,13.4,102.4,57.2
"PLOT_001",2004,9,0.055056,0.010588,0.002118,0.038116,0.017646,0.001765,0.001059,0.014823,0.00397,0.000176,8.8e-05,0.004588,0.031058,0.003529,0.000706,0.035293,0.011911,0.000794,0.000265,0.013499,0.013235,0.00397,0.000794,0.00847,9.5,42.9,42
"PLOT_001",2004,10,0.055056,0.010588,0.002118,0.038116,0.017646,0.001765,0.001059,0.014823,0.00397,0.000176,8.8e-05,0.004588,0.031058,0.003529,0.000706,0.035293,0.011911,0.000794,0.000265,0.013499,0.013235,0.00397,0.000794,0.00847,4.3,30,16
"PLOT_001",2004,11,0.055056,0.010588,0.002118,0.038116,0.017646,0.001765,0.001059,0.014823,0.00397,0.000176,8.8e-05,0.004588,0.031058,0.003529,0.000706,0.035293,0.011911,0.000794,0.000265,0.013499,0.013235,0.00397,0.000794,0.00847,-3.5,46.8,5
"PLOT_001",2004,12,0.055056,0.010588,0.002118,0.038116,0.017646,0.001765,0.001059,0.014823,0.00397,0.000176,8.8e-05,0.004588,0.031058,0.003529,0.000706,0.035293,0.011911,0.000794,0.000265,0.013499,0.013235,0.00397,0.000794,0.00847,-8,35,5
"PLOT_001",2005,1,0.052,0.01,0.002,0.036,0.016667,0.001667,0.001,0.014,0.00375,0.000167,8.3e-05,0.004333,0.029333,0.003333,0.000667,0.033333,0.01125,0.00075,0.00025,0.01275,0.0125,0.00375,0.00075,0.008,-7.1,49.3,5
"PLOT_001",2005,2,0.052,0.01,0.002,0.036,0.016667,0.001667,0.001,0.014,0.00375,0.000167,8.3e-05,0.004333,0.029333,0.003333,0.000667,0.033333,0.01125,0.00075,0.00025,0.01275,0.0125,0.00375,0.00075,0.008,-6.1,45.8,5
"PLOT_001",2005,3,0.052,0.01,0.002,0.036,0.016667,0.001667,0.001,0.014,0.00375,0.000167,8.3e-05,0.004333,0.029333,0.003333,0.000667,0.033333,0.01125,0.00075,0.00025,0.01275,0.0125,0.00375,0.00075,0.008,-1.7,30.2,5
"PLOT_001",2005,4,0.052,0.01,0.002,0.036,0.016667,0.001667,0.001,0.014,0.00375,0.000167,8.3e-05,0.004333,0.029333,0.003333,0.000667,0.033333,0.01125,0.00075,0.00025,0.01275,0.0125,0.00375,0.00075,0.008,3.8,55.6,23.1
"PLOT_001",2005,5,0.052,0.01,0.002,0.036,0.016667,0.001667,0.001,0.014,0.00375,0.000167,8.3e-05,0.004333,0.029333,0.003333,0.000667,0.033333,0.01125,0.00075,0.00025,0.01275,0.0125,0.00375,0.00075,0.008,8.6,35.1,40.5
"PLOT_001",2005,6,0.052,0.01,0.002,0.036,0.016667,0.001667,0.001,0.014,0.00375,0.000167,8.3e-05,0.004333,0.029333,0.003333,0.000667,0.033333,0.01125,0.00075,0.00025,0.01275,0.0125,0.00375,0.00075,0.008,11.9,46.3,51.7
"PLOT_001",2005,7,0.052,0.01,0.002,0.036,0.016667,0.001667,0.001,0.014,0.00375,0.000167,8.3e-05,0.004333,0.029333,0.003333,0.000667,0.033333,0.01125,0.00075,0.00025,0.01275,0.0125,0.00375,0.00075,0.008,15.8,82.9,61.4
"PLOT_001",2005,8,0.052,0.01,0.002,0.036,0.016667,0.001667,0.001,0.014,0.00375,0.000167,8.3e-05,0.004333,0.029333,0.003333,0.000667,0.033333,0.01125,0.00075,0.00025,0.01275,0.0125,0.00375,0.00075,0.008,13.1,89.3,50.3
"PLOT_001",2005,9,0.052,0.01,0.002,0.036,0.016667,0.001667,0.001,0.014,0.00375,0.000167,8.3e-05,0.004333,0.029333,0.003333,0.000667,0.033333,0.01125,0.00075,0.00025,0.01275,0.0125,0.00375,0.00075,0.008,8.2,65.1,29.5
"PLOT_001",2005,10,0.052,0.01,0.002,0.036,0.016667,0.001667,0.001,0.014,0.00375,0.000167,8.3e-05,0.004333,0.029333,0.003333,0.000667,0.033333,0.01125,0.00075,0.00025,0.01275,0.0125,0.00375,0.00075,0.008,4.2,55.3,22.6
"PLOT_001",2005,11,0.052,0.01,0.002,0.036,0.016667,0.001667,0.001,0.014,0.00375,0.000167,8.3e-05,0.004333,0.029333,0.003333,0.000667,0.033333,0.01125,0.00075,0.00025,0.01275,0.0125,0.00375,0.00075,0.008,-1.4,53.7,5
"PLOT_001",2005,12,0.052,0.01,0.002,0.036,0.016667,0.001667,0.001,0.014,0.00375,0.000167,8.3e-05,0.004333,0.029333,0.003333,0.000667,0.033333,0.01125,0.00075,0.00025,0.01275,0.0125,0.00375,0.00075,0.008,-7.7,45.2,5
"PLOT_001",2006,1,0.048944,0.009412,0.001882,0.033884,0.015687,0.001569,0.000941,0.013177,0.00353,0.000157,7.8e-05,0.004079,0.027609,0.003137,0.000627,0.031374,0.010589,0.000706,0.000235,0.012001,0.011765,0.00353,0.000706,0.00753,-10.1,28.9,5
"PLOT_001",2006,2,0.048944,0.009412,0.001882,0.033884,0.015687,0.001569,0.000941,0.013177,0.00353,0.000157,7.8e-05,0.004079,0.027609,0.003137,0.000627,0.031374,0.010589,0.000706,0.000235,0.012001,0.011765,0.00353,0.000706,0.00753,-6.6,41.6,5
"PLOT_001",2006,3,0.048944,0.009412,0.001882,0.033884,0.015687,0.001569,0.000941,0.013177,0.00353,0.000157,7.8e-05,0.004079,0.027609,0.003137,0.000627,0.031374,0.010589,0.000706,0.000235,0.012001,0.011765,0.00353,0.000706,0.00753,-2.5,30.1,5
"PLOT_001",2006,4,0.048944,0.009412,0.001882,0.033884,0.015687,0.001569,0.000941,0.013177,0.00353,0.000157,7.8e-05,0.004079,0.027609,0.003137,0.000627,0.031374,0.010589,0.000706,0.000235,0.012001,0.011765,0.00353,0.000706,0.00753,2.5,36.3,21.6
"PLOT_001",2006,5,0.048944,0.009412,0.001882,0.033884,0.015687,0.001569,0.000941,0.013177,0.00353,0.000157,7.8e-05,0.004079,0.027609,0.003137,0.000627,0.031374,0.010589,0.000706,0.000235,0.012001,0.011765,0.00353,0.000706,0.00753,11.4,53.8,36.4
"PLOT_001",2006,6,0.048944,0.009412,0.001882,0.033884,0.015687,0.001569,0.000941,0.013177,0.00353,0.000157,7.8e-05,0.004079,0.027609,0.003137,0.000627,0.031374,0.010589,0.000706,0.000235,0.012001,0.011765,0.00353,0.000706,0.00753,13.9,72,50.4
"PLOT_001",2006,7,0.048944,0.009412,0.001882,0.033884,0.015687,0.001569,0.000941,0.013177,0.00353,0.000157,7.8e-05,0.004079,0.027609,0.003137,0.000627,0.031374,0.010589,0.000706,0.000235,0.012001,0.011765,0.00353,0.000706,0.00753,16.6,50.1,57.5
"PLOT_001",2006,8,0.048944,0.009412,0.001882,0.033884,0.015687,0.001569,0.000941,0.013177,0.00353,0.000157,7.8e-05,0.004079,0.027609,0.003137,0.000627,0.031374,0.010589,0.000706,0.000235,0.012001,0.011765,0.00353,0.000706,0.00753,14,61.2,54.7
"PLOT_001",2006,9,0.048944,0.009412,0.001882,0.033884,0.015687,0.001569,0.000941,0.013177,0.00353,0.000157,7.8e-05,0.004079,0.027609,0.003137,0.000627,0.031374,0.010589,0.000706,0.000235,0.012001,0.011765,0.00353,0.000706,0.00753,9.8,52.5,39.1
"PLOT_001",2006,10,0.048944,0.009412,0.001882,0.033884,0.015687,0.001569,0.000941,0.013177,0.00353,0.000157,7.8e-05,0.004079,0.027609,0.003137,0.000627,0.031374,0.010589,0.000706,0.000235,0.012001,0.011765,0.00353,0.000706,0.00753,4.4,36.1,15.4
"PLOT_001",2006,11,0.048944,0.009412,0.001882,0.033884,0.015687,0.001569,0.000941,0.013177,0.00353,0.000157,7.8e-05,0.004079,0.027609,0.003137,0.000627,0.031374,0.010589,0.000706,0.000235,0.012001,0.011765,0.00353,0.000706,0.00753,-2.6,68.1,5
"PLOT_001",2006,12,0.048944,0.009412,0.001882,0.033884,0.015687,0.001569,0.000941,0.013177,0.00353,0.000157,7.8e-05,0.004079,0.027609,0.003137,0.000627,0.031374,0.010589,0.000706,0.000235,0.012001,0.011765,0.00353,0.000706,0.00753,-5.1,51,5
"PLOT_001",2007,1,0.047055,0.009049,0.00181,0.032576,0.015082,0.001508,0.000905,0.012669,0.003393,0.000151,7.5e-05,0.003921,0.026544,0.003016,0.000603,0.030163,0.01018,0.000679,0.000226,0.011537,0.011311,0.003393,0.000679,0.007239,-8.3,38.8,5
"PLOT_001",2007,2,0.047055,0.009049,0.00181,0.032576,0.015082,0.001508,0.000905,0.012669,0.003393,0.000151,7.5e-05,0.003921,0.026544,0.003016,0.000603,0.030163,0.01018,0.000679,0.000226,0.011537,0.011311,0.003393,0.000679,0.007239,-6.7,22.5,5
"PLOT_001",2007,3,0.047055,0.009049,0.00181,0.032576,0.015082,0.001508,0.000905,0.012669,0.003393,0.000151,7.5e-05,0.003921,0.026544,0.003016,0.000603,0.030163,0.01018,0.000679,0.000226,0.011537,0.011311,0.003393,0.000679,0.007239,-3.7,29.7,5
"PLOT_001",2007,4,0.047055,0.009049,0.00181,0.032576,0.015082,0.001508,0.000905,0.012669,0.003393,0.000151,7.5e-05,0.003921,0.026544,0.003016,0.000603,0.030163,0.01018,0.000679,0.000226,0.011537,0.011311,0.003393,0.000679,0.007239,3.3,36.3,27.1
"PLOT_001",2007,5,0.047055,0.009049,0.00181,0.032576,0.015082,0.001508,0.000905,0.012669,0.003393,0.000151,7.5e-05,0.003921,0.026544,0.003016,0.000603,0.030163,0.01018,0.000679,0.000226,0.011537,0.011311,0.003393,0.000679,0.007239,9.5,48.3,43.3
"PLOT_001",2007,6,0.047055,0.009049,0.00181,0.032576,0.015082,0.001508,0.000905,0.012669,0.003393,0.000151,7.5e-05,0.003921,0.026544,0.003016,0.000603,0.030163,0.01018,0.000679,0.000226,0.011537,0.011311,0.003393,0.000679,0.007239,13.3,53.8,55.6
"PLOT_001",2007,7,0.047055,0.009049,0.00181,0.032576,0.015082,0.001508,0.000905,0.012669,0.003393,0.000151,7.5e-05,0.003921,0.026544,0.003016,0.000603,0.030163,0.01018,0.000679,0.000226,0.011537,0.011311,0.003393,0.000679,0.007239,14.7,57.1,74
"PLOT_001",2007,8,0.047055,0.009049,0.00181,0.032576,0.015082,0.001508,0.000905,0.012669,0.003393,0.000151,7.5e-05,0.003921,0.026544,0.003016,0.000603,0.030163,0.01018,0.000679,0.000226,0.011537,0.011311,0.003393,0.000679,0.007239,14.7,92.8,53.3
"PLOT_001",2007,9,0.047055,0.009049,0.00181,0.032576,0.015082,0.001508,0.000905,0.012669,0.003393,0.000151,7.5e-05,0.003921,0.026544,0.003016,0.000603,0.030163,0.01018,0.000679,0.000226,0.011537,0.011311,0.003393,0.000679,0.007239,9,68.1,35.3
"PLOT_001",2007,10,0.047055,0.009049,0.00181,0.032576,0.015082,0.001508,0.000905,0.012669,0.003393,0.000151,7.5e-05,0.003921,0.026544,0.003016,0.000603,0.030163,0.01018,0.000679,0.000226,0.011537,0.011311,0.003393,0.000679,0.007239,3.1,52.8,17.3
"PLOT_001",2007,11,0.047055,0.009049,0.00181,0.032576,0.015082,0.001508,0.000905,0.012669,0.003393,0.000151,7.5e-05,0.003921,0.026544,0.003016,0.000603,0.030163,0.01018,0.000679,0.000226,0.011537,0.011311,0.003393,0.000679,0.007239,-3.3,51.3,5
"PLOT_001",2007,12,0.047055,0.009049,0.00181,0.032576,0.015082,0.001508,0.000905,0.012669,0.003393,0.000151,7.5e-05,0.003921,0.026544,0.003016,0.000603,0.030163,0.01018,0.000679,0.000226,0.011537,0.011311,0.003393,0.000679,0.007239,-7.5,44.4,5
"PLOT_001",2008,1,0.047055,0.009049,0.00181,0.032576,0.015082,0.001508,0.000905,0.012669,0.003393,0.000151,7.5e-05,0.003921,0.026544,0.003016,0.000603,0.030163,0.01018,0.000679,0.000226,0.011537,0.011311,0.003393,0.000679,0.007239,-9.1,55.2,5
"PLOT_001",2008,2,0.047055,0.009049,0.00181,0.032576,0.015082,0.001508,0.000905,0.012669,0.003393,0.000151,7.5e-05,0.003921,0.026544,0.003016,0.000603,0.030163,0.01018,0.000679,0.000226,0.011537,0.011311,0.003393,0.000679,0.007239,-6.1,31.2,5
"PLOT_001",2008,3,0.047055,0.009049,0.00181,0.032576,0.015082,0.001508,0.000905,0.012669,0.003393,0.000151,7.5e-05,0.003921,0.026544,0.003016,0.000603,0.030163,0.01018,0.000679,0.000226,0.011537,0.011311,0.003393,0.000679,0.007239,-1.8,29.6,5
"PLOT_001",2008,4,0.047055,0.009049,0.00181,0.032576,0.015082,0.001508,0.000905,0.012669,0.003393,0.000151,7.5e-05,0.003921,0.026544,0.003016,0.000603,0.030163,0.01018,0.000679,0.000226,0.011537,0.011311,0.003393,0.000679,0.007239,2.8,26,16.5
"PLOT_001",2008,5,0.047055,0.009049,0.00181,0.032576,0.015082,0.001508,0.000905,0.012669,0.003393,0.000151,7.5e-05,0.003921,0.026544,0.003016,0.000603,0.030163,0.01018,0.000679,0.000226,0.011537,0.011311,0.003393,0.000679,0.007239,10.4,54.2,43.1
"PLOT_001",2008,6,0.047055,0.009049,0.00181,0.032576,0.015082,0.001508,0.000905,0.012669,0.003393,0.000151,7.5e-05,0.003921,0.026544,0.003016,0.000603,0.030163,0.01018,0.000679,0.000226,0.011537,0.011311,0.003393,0.000679,0.007239,15,74.7,51.4
"PLOT_001",2008,7,0.047055,0.009049,0.00181,0.032576,0.015082,0.001508,0.000905,0.012669,0.003393,0.000151,7.5e-05,0.003921,0.026544,0.003016,0.000603,0.030163,0.01018,0.000679,0.000226,0.011537,0.011311,0.003393,0.000679,0.007239,16.1,86.5,56.5
"PLOT_001",2008,8,0.047055,0.009049,0.00181,0.032576,0.015082,0.001508,0.000905,0.012669,0.003393,0.000151,7.5e-05,0.003921,0.026544,0.003016,0.000603,0.030163,0.01018,0.000679,0.000226,0.011537,0.011311,0.003393,0.000679,0.007239,15.6,57.4,47.5
"PLOT_001",2008,9,0.047055,0.009049,0.00181,0.032576,0.015082,0.001508,0.000905,0.012669,0.003393,0.000151,7.5e-05,0.003921,0.026544,0.003016,0.000603,0.030163,0.01018,0.000679,0.000226,0.011537,0.011311,0.003393,0.000679,0.007239,8,73.9,37.6
"PLOT_001",2008,10,0.047055,0.009049,0.00181,0.032576,0.015082,0.001508,0.000905,0.012669,0.003393,0.000151,7.5e-05,0.003921,0.026544,0.003016,0.000603,0.030163,0.01018,0.000679,0.000226,0.011537,0.011311,0.003393,0.000679,0.007239,3.2,79,17.6
"PLOT_001",2008,11,0.047055,0.009049,0.00181,0.032576,0.015082,0.001508,0.000905,0.012669,0.003393,0.000151,7.5e-05,0.003921,0.026544,0.003016,0.000603,0.030163,0.01018,0.000679,0.000226,0.011537,0.011311,0.003393,0.000679,0.007239,-1.6,39.1,5
"PLOT_001",2008,12,0.047055,0.009049,0.00181,0.032576,0.015082,0.001508,0.000905,0.012669,0.003393,0.000151,7.5e-05,0.003921,0.026544,0.003016,0.000603,0.030163,0.01018,0.000679,0.000226,0.011537,0.011311,0.003393,0.000679,0.007239,-7.4,39.7,5
"PLOT_001",2009,1,0.048944,0.009412,0.001882,0.033884,0.015687,0.001569,0.000941,0.013177,0.00353,0.000157,7.8e-05,0.004079,0.027609,0.003137,0.000627,0.031374,0.010589,0.000706,0.000235,0.012001,0.011765,0.00353,0.000706,0.00753,-10.4,32,5
"PLOT_001",2009,2,0.048944,0.009412,0.001882,0.033884,0.015687,0.001569,0.000941,0.013177,0.00353,0.000157,7.8e-05,0.004079,0.027609,0.003137,0.000627,0.031374,0.010589,0.000706,0.000235,0.012001,0.011765,0.00353,0.000706,0.00753,-7.5,39.1,5
"PLOT_001",2009,3,0.048944,0.009412,0.001882,0.033884,0.015687,0.001569,0.000941,0.013177,0.00353,0.000157,7.8e-05,0.004079,0.027609,0.003137,0.000627,0.031374,0.010589,0.000706,0.000235,0.012001,0.011765,0.00353,0.000706,0.00753,-3.7,39.5,5
"PLOT_001",2009,4,0.048944,0.009412,0.001882,0.033884,0.015687,0.001569,0.000941,0.013177,0.00353,0.000157,7.8e-05,0.004079,0.027609,0.003137,0.000627,0.031374,0.010589,0.000706,0.000235,0.012001,0.011765,0.00353,0.000706,0.00753,5.6,47.9,24.5
"PLOT_001",2009,5,0.048944,0.009412,0.001882,0.033884,0.015687,0.001569,0.000941,0.013177,0.00353,0.000157,7.8e-05,0.004079,0.027609,0.003137,0.000627,0.031374,0.010589,0.000706,0.000235,0.012001,0.011765,0.00353,0.000706,0.00753,7.4,43.3,39.8
"PLOT_001",2009,6,0.048944,0.009412,0.001882,0.033884,0.015687,0.001569,0.000941,0.013177,0.00353,0.000157,7.8e-05,0.004079,0.027609,0.003137,0.000627,0.031374,0.010589,0.000706,0.000235,0.012001,0.011765,0.00353,0.000706,0.00753,12.6,40.1,49.3
"PLOT_001",2009,7,0.048944,0.009412,0.001882,0.033884,0.015687,0.001569,0.000941,0.013177,0.00353,0.000157,7.8e-05,0.004079,0.027609,0.003137,0.000627,0.031374,0.010589,0.000706,0.000235,0.012001,0.011765,0.00353,0.000706,0.00753,14.3,53.5,60.2
"PLOT_001",2009,8,0.048944,0.009412,0.001882,0.033884,0.015687,0.001569,0.000941,0.013177,0.00353,0.000157,7.8e-05,0.004079,0.027609,0.003137,0.000627,0.031374,0.010589,0.000706,0.000235,0.012001,0.011765,0.00353,0.000706,0.00753,13.1,68.7,58.8
"PLOT_001",2009,9,0.048944,0.009412,0.001882,0.033884,0.015687,0.001569,0.000941,0.013177,0.00353,0.000157,7.8e-05,0.004079,0.027609,0.003137,0.000627,0.031374,0.010589,0.000706,0.000235,0.012001,0.011765,0.00353,0.000706,0.00753,8.6,63,40.1
"PLOT_001",2009,10,0.048944,0.009412,0.001882,0.033884,0.015687,0.001569,0.000941,0.013177,0.00353,0.000157,7.8e-05,0.004079,0.027609,0.003137,0.000627,0.031374,0.010589,0.000706,0.000235,0.012001,0.011765,0.00353,0.000706,0.00753,4.5,64.8,19.3
"PLOT_001",2009,11,0.048944,0.009412,0.001882,0.033884,0.015687,0.001569,0.000941,0.013177,0.00353,0.000157,7.8e-05,0.004079,0.027609,0.003137,0.000627,0.031374,0.010589,0.000706,0.000235,0.012001,0.011765,0.00353,0.000706,0.00753,-2.7,43.5,5
"PLOT_001",2009,12,0.048944,0.009412,0.001882,0.033884,0.015687,0.001569,0.000941,0.013177,0.00353,0.000157,7.8e-05,0.004079,0.027609,0.003137,0.000627,0.031374,0.010589,0.000706,0.000235,0.012001,0.011765,0.00353,0.000706,0.00753,-6.4,25.7,5
"PLOT_001",2010,1,0.052,0.01,0.002,0.036,0.016667,0.001667,0.001,0.014,0.00375,0.000167,8.3e-05,0.004333,0.029333,0.003333,0.000667,0.033333,0.01125,0.00075,0.00025,0.01275,0.0125,0.00375,0.00075,0.008,-10.6,41,5
"PLOT_001",2010,2,0.052,0.01,0.002,0.036,0.016667,0.001667,0.001,0.014,0.00375,0.000167,8.3e-05,0.004333,0.029333,0.003333,0.000667,0.033333,0.01125,0.00075,0.00025,0.01275,0.0125,0.00375,0.00075,0.008,-6.2,32.8,5
"PLOT_001",2010,3,0.052,0.01,0.002,0.036,0.016667,0.001667,0.001,0.014,0.00375,0.000167,8.3e-05,0.004333,0.029333,0.003333,0.000667,0.033333,0.01125,0.00075,0.00025,0.01275,0.0125,0.00375,0.00075,0.008,-2.4,33.4,5.2
"PLOT_001",2010,4,0.052,0.01,0.002,0.036,0.016667,0.001667,0.001,0.014,0.00375,0.000167,8.3e-05,0.004333,0.029333,0.003333,0.000667,0.033333,0.01125,0.00075,0.00025,0.01275,0.0125,0.00375,0.00075,0.008,1.9,49.2,17.1
"PLOT_001",2010,5,0.052,0.01,0.002,0.036,0.016667,0.001667,0.001,0.014,0.00375,0.000167,8.3e-05,0.004333,0.029333,0.003333,0.000667,0.033333,0.01125,0.00075,0.00025,0.01275,0.0125,0.00375,0.00075,0.008,10,53.3,35.1
"PLOT_001",2010,6,0.052,0.01,0.002,0.036,0.016667,0.001667,0.001,0.014,0.00375,0.000167,8.3e-05,0.004333,0.029333,0.003333,0.000667,0.033333,0.01125,0.00075,0.00025,0.01275,0.0125,0.00375,0.00075,0.008,13.4,53,57.3
"PLOT_001",2010,7,0.052,0.01,0.002,0.036,0.016667,0.001667,0.001,0.014,0.00375,0.000167,8.3e-05,0.004333,0.029333,0.003333,0.000667,0.033333,0.01125,0.00075,0.00025,0.01275,0.0125,0.00375,0.00075,0.008,15.2,83.8,61.7
"PLOT_001",2010,8,0.052,0.01,0.002,0.036,0.016667,0.001667,0.001,0.014,0.00375,0.000167,8.3e-05,0.004333,0.029333,0.003333,0.000667,0.033333,0.01125,0.00075,0.00025,0.01275,0.0125,0.00375,0.00075,0.008,12.4,78.1,54.3
"PLOT_001",2010,9,0.052,0.01,0.002,0.036,0.016667,0.001667,0.001,0.014,0.00375,0.000167,8.3e-05,0.004333,0.029333,0.003333,0.000667,0.033333,0.01125,0.00075,0.00025,0.01275,0.0125,0.00375,0.00075,0.008,9.8,49.1,41.7
"PLOT_001",2010,10,0.052,0.01,0.002,0.036,0.016667,0.001667,0.001,0.014,0.00375,0.000167,8.3e-05,0.004333,0.029333,0.003333,0.000667,0.033333,0.01125,0.00075,0.00025,0.01275,0.0125,0.00375,0.00075,0.008,3.2,60.1,23.6
"PLOT_001",2010,11,0.052,0.01,0.002,0.036,0.016667,0.001667,0.001,0.014,0.00375,0.000167,8.3e-05,0.004333,0.029333,0.003333,0.000667,0.033333,0.01125,0.00075,0.00025,0.01275,0.0125,0.00375,0.00075,0.008,-2.4,55.2,5
"PLOT_001",2010,12,0.052,0.01,0.002,0.036,0.016667,0.001667,0.001,0.014,0.00375,0.000167,8.3e-05,0.004333,0.029333,0.003333,0.000667,0.033333,0.01125,0.00075,0.00025,0.01275,0.0125,0.00375,0.00075,0.008,-6.6,27.6,5
"PLOT_001",2011,1,0.055056,0.010588,0.002118,0.038116,0.017646,0.001765,0.001059,0.014823,0.00397,0.000176,8.8e-05,0.004588,0.031058,0.003529,0.000706,0.035293,0.011911,0.000794,0.000265,0.013499,0.013235,0.00397,0.000794,0.00847,-8.7,60.7,5
"PLOT_001",2011,2,0.055056,0.010588,0.002118,0.038116,0.017646,0.001765,0.001059,0.014823,0.00397,0.000176,8.8e-05,0.004588,0.031058,0.003529,0.000706,0.035293,0.011911,0.000794,0.000265,0.013499,0.013235,0.00397,0.000794,0.00847,-7.8,35.4,5
"PLOT_001",2011,3,0.055056,0.010588,0.002118,0.038116,0.017646,0.001765,0.001059,0.014823,0.00397,0.000176,8.8e-05,0.004588,0.031058,0.003529,0.000706,0.035293,0.011911,0.000794,0.000265,0.013499,0.013235,0.00397,0.000794,0.00847,-1.6,34.2,5
"PLOT_001",2011,4,0.055056,0.010588,0.002118,0.038116,0.017646,0.001765,0.001059,0.014823,0.00397,0.000176,8.8e-05,0.004588,0.031058,0.003529,0.000706,0.035293,0.011911,0.000794,0.000265,0.013499,0.013235,0.00397,0.000794,0.00847,3.8,44.3,22.9
"PLOT_001",2011,5,0.055056,0.010588,0.002118,0.038116,0.017646,0.001765,0.001059,0.014823,0.00397,0.000176,8.8e-05,0.004588,0.031058,0.003529,0.000706,0.035293,0.011911,0.000794,0.000265,0.013499,0.013235,0.00397,0.000794,0.00847,10.1,44.9,37.8
"PLOT_001",2011,6,0.055056,0.010588,0.002118,0.038116,0.017646,0.001765,0.001059,0.014823,0.00397,0.000176,8.8e-05,0.004588,0.031058,0.003529,0.000706,0.035293,0.011911,0.000794,0.000265,0.013499,0.013235,0.00397,0.000794,0.00847,15,60.2,48.8
"PLOT_001",2011,7,0.055056,0.010588,0.002118,0.038116,0.017646,0.001765,0.001059,0.014823,0.00397,0.000176,8.8e-05,0.004588,0.031058,0.003529,0.000706,0.035293,0.011911,0.000794,0.000265,0.013499,0.013235,0.00397,0.000794,0.00847,15.2,58.9,63
"PLOT_001",2011,8,0.055056,0.010588,0.002118,0.038116,0.017646,0.001765,0.001059,0.014823,0.00397,0.000176,8.8e-05,0.004588,0.031058,0.003529,0.000706,0.035293,0.011911,0.000794,0.000265,0.013499,0.013235,0.00397,0.000794,0.00847,15.1,81.5,55.7
"PLOT_001",2011,9,0.055056,0.010588,0.002118,0.038116,0.017646,0.001765,0.001059,0.014823,0.00397,0.000176,8.8e-05,0.004588,0.031058,0.003529,0.000706,0.035293,0.011911,0.000794,0.000265,0.013499,0.013235,0.00397,0.000794,0.00847,8.6,47.2,41.4
"PLOT_001",2011,10,0.055056,0.010588,0.002118,0.038116,0.017646,0.001765,0.001059,0.014823,0.00397,0.000176,8.8e-05,0.004588,0.031058,0.003529,0.000706,0.035293,0.011911,0.000794,0.000265,0.013499,0.013235,0.00397,0.000794,0.00847,2.7,41.8,15.3
"PLOT_001",2011,11,0.055056,0.010588,0.002118,0.038116,0.017646,0.001765,0.001059,0.014823,0.00397,0.000176,8.8e-05,0.004588,0.031058,0.003529,0.000706,0.035293,0.011911,0.000794,0.000265,0.013499,0.013235,0.00397,0.000794,0.00847,-4,44.7,5
"PLOT_001",2011,12,0.055056,0.010588,0.002118,0.038116,0.017646,0.001765,0.001059,0.014823,0.00397,0.000176,8.8e-05,0.004588,0.031058,0.003529,0.000706,0.035293,0.011911,0.000794,0.000265,0.013499,0.013235,0.00397,0.000794,0.00847,-6.5,51.3,5
"PLOT_001",2012,1,0.056945,0.010951,0.00219,0.039424,0.018252,0.001825,0.001095,0.015331,0.004107,0.000183,9.1e-05,0.004745,0.032123,0.00365,0.00073,0.036504,0.01232,0.000821,0.000274,0.013963,0.013689,0.004107,0.000821,0.008761,-8,46.2,5
"PLOT_001",2012,2,0.056945,0.010951,0.00219,0.039424,0.018252,0.001825,0.001095,0.015331,0.004107,0.000183,9.1e-05,0.004745,0.032123,0.00365,0.00073,0.036504,0.01232,0.000821,0.000274,0.013963,0.013689,0.004107,0.000821,0.008761,-6.8,37.9,5
"PLOT_001",2012,3,0.056945,0.010951,0.00219,0.039424,0.018252,0.001825,0.001095,0.015331,0.004107,0.000183,9.1e-05,0.004745,0.032123,0.00365,0.00073,0.036504,0.01232,0.000821,0.000274,0.013963,0.013689,0.004107,0.000821,0.008761,-3.2,41.7,5
"PLOT_001",2012,4,0.056945,0.010951,0.00219,0.039424,0.018252,0.001825,0.001095,0.015331,0.004107,0.000183,9.1e-05,0.004745,0.032123,0.00365,0.00073,0.036504,0.01232,0.000821,0.000274,0.013963,0.013689,0.004107,0.000821,0.008761,3,33.2,22.3
"PLOT_001",2012,5,0.056945,0.010951,0.00219,0.039424,0.018252,0.001825,0.001095,0.015331,0.004107,0.000183,9.1e-05,0.004745,0.032123,0.00365,0.00073,0.036504,0.01232,0.000821,0.000274,0.013963,0.013689,0.004107,0.000821,0.008761,10.4,41.5,40.9
"PLOT_001",2012,6,0.056945,0.010951,0.00219,0.039424,0.018252,0.001825,0.001095,0.015331,0.004107,0.000183,9.1e-05,0.004745,0.032123,0.00365,0.00073,0.036504,0.01232,0.000821,0.000274,0.013963,0.013689,0.004107,0.000821,0.008761,13.4,56.2,61.8
"PLOT_001",2012,7,0.056945,0.010951,0.00219,0.039424,0.018252,0.001825,0.001095,0.015331,0.004107,0.000183,9.1e-05,0.004745,0.032123,0.00365,0.00073,0.036504,0.01232,0.000821,0.000274,0.013963,0.013689,0.004107,0.000821,0.008761,14.3,68.1,59.5
"PLOT_001",2012,8,0.056945,0.010951,0.00219,0.039424,0.018252,0.001825,0.001095,0.015331,0.004107,0.000183,9.1e-05,0.004745,0.032123,0.00365,0.00073,0.036504,0.01232,0.000821,0.000274,0.013963,0.013689,0.004107,0.000821,0.008761,14.7,59.1,55.7
"PLOT_001",2012,9,0.056945,0.010951,0.00219,0.039424,0.018252,0.001825,0.001095,0.015331,0.004107,0.000183,9.1e-05,0.004745,0.032123,0.00365,0.00073,0.036504,0.01232,0.000821,0.000274,0.013963,0.013689,0.004107,0.000821,0.008761,10.1,57.7,37.5
"PLOT_001",2012,10,0.056945,0.010951,0.00219,0.039424,0.018252,0.001825,0.001095,0.015331,0.004107,0.000183,9.1e-05,0.004745,0.032123,0.00365,0.00073,0.036504,0.01232,0.000821,0.000274,0.013963,0.013689,0.004107,0.000821,0.008761,3.4,65.7,24.5
"PLOT_001",2012,11,0.056945,0.010951,0.00219,0.039424,0.018252,0.001825,0.001095,0.015331,0.004107,0.000183,9.1e-05,0.004745,0.032123,0.00365,0.00073,0.036504,0.01232,0.000821,0.000274,0.013963,0.013689,0.004107,0.000821,0.008761,-3.8,43.4,5
"PLOT_001",2012,12,0.056945,0.010951,0.00219,0.039424,0.018252,0.001825,0.001095,0.015331,0.004107,0.000183,9.1e-05,0.004745,0.032123,0.00365,0.00073,0.036504,0.01232,0.000821,0.000274,0.013963,0.013689,0.004107,0.000821,0.008761,-6.7,44.5,5
"PLOT_001",2013,1,0.056945,0.010951,0.00219,0.039424,0.018252,0.001825,0.001095,0.015331,0.004107,0.000183,9.1e-05,0.004745,0.032123,0.00365,0.00073,0.036504,0.01232,0.000821,0.000274,0.013963,0.013689,0.004107,0.000821,0.008761,-10.2,33.4,5
"PLOT_001",2013,2,0.056945,0.010951,0.00219,0.039424,0.018252,0.001825,0.001095,0.015331,0.004107,0.000183,9.1e-05,0.004745,0.032123,0.00365,0.00073,0.036504,0.01232,0.000821,0.000274,0.013963,0.013689,0.004107,0.000821,0.008761,-7.9,31.1,5
"PLOT_001",2013,3,0.056945,0.010951,0.00219,0.039424,0.018252,0.001825,0.001095,0.015331,0.004107,0.000183,9.1e-05,0.004745,0.032123,0.00365,0.00073,0.036504,0.01232,0.000821,0.000274,0.013963,0.013689,0.004107,0.000821,0.008761,-1.9,39.7,5
"PLOT_001",2013,4,0.056945,0.010951,0.00219,0.039424,0.018252,0.001825,0.001095,0.015331,0.004107,0.000183,9.1e-05,0.004745,0.032123,0.00365,0.00073,0.036504,0.01232,0.000821,0.000274,0.013963,0.013689,0.004107,0.000821,0.008761,5.3,36.5,19.8
"PLOT_001",2013,5,0.056945,0.010951,0.00219,0.039424,0.018252,0.001825,0.001095,0.015331,0.004107,0.000183,9.1e-05,0.004745,0.032123,0.00365,0.00073,0.036504,0.01232,0.000821,0.000274,0.013963,0.013689,0.004107,0.000821,0.008761,8.9,39.8,32.5
"PLOT_001",2013,6,0.056945,0.010951,0.00219,0.039424,0.018252,0.001825,0.001095,0.015331,0.004107,0.000183,9.1e-05,0.004745,0.032123,0.00365,0.00073,0.036504,0.01232,0.000821,0.000274,0.013963,0.013689,0.004107,0.000821,0.008761,14.1,57.3,47.5
"PLOT_001",2013,7,0.056945,0.010951,0.00219,0.039424,0.018252,0.001825,0.001095,0.015331,0.004107,0.000183,9.1e-05,0.004745,0.032123,0.00365,0.00073,0.036504,0.01232,0.000821,0.000274,0.013963,0.013689,0.004107,0.000821,0.008761,13.5,83.8,56.1
"PLOT_001",2013,8,0.056945,0.010951,0.00219,0.039424,0.018252,0.001825,0.001095,0.015331,0.004107,0.000183,9.1e-05,0.004745,0.032123,0.00365,0.00073,0.036504,0.01232,0.000821,0.000274,0.013963,0.013689,0.004107,0.000821,0.008761,14.7,93.3,61.7
"PLOT_001",2013,9,0.056945,0.010951,0.00219,0.039424,0.018252,0.001825,0.001095,0.015331,0.004107,0.000183,9.1e-05,0.004745,0.032123,0.00365,0.00073,0.036504,0.01232,0.000821,0.000274,0.013963,0.013689,0.004107,0.000821,0.008761,9.8,43.4,41.7
"PLOT_001",2013,10,0.056945,0.010951,0.00219,0.039424,0.018252,0.001825,0.001095,0.015331,0.004107,0.000183,9.1e-05,0.004745,0.032123,0.00365,0.00073,0.036504,0.01232,0.000821,0.000274,0.013963,0.013689,0.004107,0.000821,0.008761,2.9,62.6,21.8
"PLOT_001",2013,11,0.056945,0.010951,0.00219,0.039424,0.018252,0.001825,0.001095,0.015331,0.004107,0.000183,9.1e-05,0.004745,0.032123,0.00365,0.00073,0.036504,0.01232,0.000821,0.000274,0.013963,0.013689,0.004107,0.000821,0.008761,-4.7,50.1,5
"PLOT_001",2013,12,0.056945,0.010951,0.00219,0.039424,0.018252,0.001825,0.001095,0.015331,0.004107,0.000183,9.1e-05,0.004745,0.032123,0.00365,0.00073,0.036504,0.01232,0.000821,0.000274,0.013963,0.013689,0.004107,0.000821,0.008761,-8,30.7,5
"PLOT_001",2014,1,0.055056,0.010588,0.002118,0.038116,0.017646,0.001765,0.001059,0.014823,0.00397,0.000176,8.8e-05,0.004588,0.031058,0.003529,0.000706,0.035293,0.011911,0.000794,0.000265,0.013499,0.013235,0.00397,0.000794,0.00847,-9.7,32.2,5
"PLOT_001",2014,2,0.055056,0.010588,0.002118,0.038116,0.017646,0.001765,0.001059,0.014823,0.00397,0.000176,8.8e-05,0.004588,0.031058,0.003529,0.000706,0.035293,0.011911,0.000794,0.000265,0.013499,0.013235,0.00397,0.000794,0.00847,-4.7,46.3,5
"PLOT_001",2014,3,0.055056,0.010588,0.002118,0.038116,0.017646,0.001765,0.001059,0.014823,0.00397,0.000176,8.8e-05,0.004588,0.031058,0.003529,0.000706,0.035293,0.011911,0.000794,0.000265,0.013499,0.013235,0.00397,0.000794,0.00847,-2.5,38,5
"PLOT_001",2014,4,0.055056,0.010588,0.002118,0.038116,0.017646,0.001765,0.001059,0.014823,0.00397,0.000176,8.8e-05,0.004588,0.031058,0.003529,0.000706,0.035293,0.011911,0.000794,0.000265,0.013499,0.013235,0.00397,0.000794,0.00847,2,44.7,31.8
"PLOT_001",2014,5,0.055056,0.010588,0.002118,0.038116,0.017646,0.001765,0.001059,0.014823,0.00397,0.000176,8.8e-05,0.004588,0.031058,0.003529,0.000706,0.035293,0.011911,0.000794,0.000265,0.013499,0.013235,0.00397,0.000794,0.00847,9.5,35.4,35.9
"PLOT_001",2014,6,0.055056,0.010588,0.002118,0.038116,0.017646,0.001765,0.001059,0.014823,0.00397,0.000176,8.8e-05,0.004588,0.031058,0.003529,0.000706,0.035293,0.011911,0.000794,0.000265,0.013499,0.013235,0.00397,0.000794,0.00847,13.1,32,52.8
"PLOT_001",2014,7,0.055056,0.010588,0.002118,0.038116,0.017646,0.001765,0.001059,0.014823,0.00397,0.000176,8.8e-05,0.004588,0.031058,0.003529,0.000706,0.035293,0.011911,0.000794,0.000265,0.013499,0.013235,0.00397,0.000794,0.00847,15.6,68.1,61.8
"PLOT_001",2014,8,0.055056,0.010588,0.002118,0.038116,0.017646,0.001765,0.001059,0.014823,0.00397,0.000176,8.8e-05,0.004588,0.031058,0.003529,0.000706,0.035293,0.011911,0.000794,0.000265,0.013499,0.013235,0.00397,0.000794,0.00847,13.2,87.7,54.3
"PLOT_001",2014,9,0.055056,0.010588,0.002118,0.038116,0.017646,0.001765,0.001059,0.014823,0.00397,0.000176,8.8e-05,0.004588,0.031058,0.003529,0.000706,0.035293,0.011911,0.000794,0.000265,0.013499,0.013235,0.00397,0.000794,0.00847,8.6,68.8,36.7
"PLOT_001",2014,10,0.055056,0.010588,0.002118,0.038116,0.017646,0.001765,0.001059,0.014823,0.00397,0.000176,8.8e-05,0.004588,0.031058,0.003529,0.000706,0.035293,0.011911,0.000794,0.000265,0.013499,0.013235,0.00397,0.000794,0.00847,2.2,46.5,14.8
"PLOT_001",2014,11,0.055056,0.010588,0.002118,0.038116,0.017646,0.001765,0.001059,0.014823,0.00397,0.000176,8.8e-05,0.004588,0.031058,0.003529,0.000706,0.035293,0.011911,0.000794,0.000265,0.013499,0.013235,0.00397,0.000794,0.00847,-2.6,52.8,7.2
"PLOT_001",2014,12,0.055056,0.010588,0.002118,0.038116,0.017646,0.001765,0.001059,0.014823,0.00397,0.000176,8.8e-05,0.004588,0.031058,0.003529,0.000706,0.035293,0.011911,0.000794,0.000265,0.013499,0.013235,0.00397,0.000794,0.00847,-6.4,38,5
"PLOT_001",2015,1,0.052,0.01,0.002,0.036,0.016667,0.001667,0.001,0.014,0.00375,0.000167,8.3e-05,0.004333,0.029333,0.003333,0.000667,0.033333,0.01125,0.00075,0.00025,0.01275,0.0125,0.00375,0.00075,0.008,-8.4,19.6,5
"PLOT_001",2015,2,0.052,0.01,0.002,0.036,0.016667,0.001667,0.001,0.014,0.00375,0.000167,8.3e-05,0.004333,0.029333,0.003333,0.000667,0.033333,0.01125,0.00075,0.00025,0.01275,0.0125,0.00375,0.00075,0.008,-7.1,42.1,5
"PLOT_001",2015,3,0.052,0.01,0.002,0.036,0.016667,0.001667,0.001,0.014,0.00375,0.000167,8.3e-05,0.004333,0.029333,0.003333,0.000667,0.033333,0.01125,0.00075,0.00025,0.01275,0.0125,0.00375,0.00075,0.008,-2.3,31.6,5
"PLOT_001",2015,4,0.052,0.01,0.002,0.036,0.016667,0.001667,0.001,0.014,0.00375,0.000167,8.3e-05,0.004333,0.029333,0.003333,0.000667,0.033333,0.01125,0.00075,0.00025,0.01275,0.0125,0.00375,0.00075,0.008,5.1,43.5,15.7
"PLOT_001",2015,5,0.052,0.01,0.002,0.036,0.016667,0.001667,0.001,0.014,0.00375,0.000167,8.3e-05,0.004333,0.029333,0.003333,0.000667,0.033333,0.01125,0.00075,0.00025,0.01275,0.0125,0.00375,0.00075,0.008,9.2,56,28
"PLOT_001",2015,6,0.052,0.01,0.002,0.036,0.016667,0.001667,0.001,0.014,0.00375,0.000167,8.3e-05,0.004333,0.029333,0.003333,0.000667,0.033333,0.01125,0.00075,0.00025,0.01275,0.0125,0.00375,0.00075,0.008,13.4,70.4,58.9
"PLOT_001",2015,7,0.052,0.01,0.002,0.036,0.016667,0.001667,0.001,0.014,0.00375,0.000167,8.3e-05,0.004333,0.029333,0.003333,0.000667,0.033333,0.01125,0.00075,0.00025,0.01275,0.0125,0.00375,0.00075,0.008,14.3,88.3,62.7
"PLOT_001",2015,8,0.052,0.01,0.002,0.036,0.016667,0.001667,0.001,0.014,0.00375,0.000167,8.3e-05,0.004333,0.029333,0.003333,0.000667,0.033333,0.01125,0.00075,0.00025,0.01275,0.0125,0.00375,0.00075,0.008,13.8,67,59.5
"PLOT_001",2015,9,0.052,0.01,0.002,0.036,0.016667,0.001667,0.001,0.014,0.00375,0.000167,8.3e-05,0.004333,0.029333,0.003333,0.000667,0.033333,0.01125,0.00075,0.00025,0.01275,0.0125,0.00375,0.00075,0.008,9,38.6,38.1
"PLOT_001",2015,10,0.052,0.01,0.002,0.036,0.016667,0.001667,0.001,0.014,0.00375,0.000167,8.3e-05,0.004333,0.029333,0.003333,0.000667,0.033333,0.01125,0.00075,0.00025,0.01275,0.0125,0.00375,0.00075,0.008,1.9,49.5,21.6
"PLOT_001",2015,11,0.052,0.01,0.002,0.036,0.016667,0.001667,0.001,0.014,0.00375,0.000167,8.3e-05,0.004333,0.029333,0.003333,0.000667,0.033333,0.01125,0.00075,0.00025,0.01275,0.0125,0.00375,0.00075,0.008,0,47.9,5
"PLOT_001",2015,12,0.052,0.01,0.002,0.036,0.016667,0.001667,0.001,0.014,0.00375,0.000167,8.3e-05,0.004333,0.029333,0.003333,0.000667,0.033333,0.01125,0.00075,0.00025,0.01275,0.0125,0.00375,0.00075,0.008,-6.1,53.3,5
"PLOT_001",2016,1,0.048944,0.009412,0.001882,0.033884,0.015687,0.001569,0.000941,0.013177,0.00353,0.000157,7.8e-05,0.004079,0.027609,0.003137,0.000627,0.031374,0.010589,0.000706,0.000235,0.012001,0.011765,0.00353,0.000706,0.00753,-7.9,39.8,5
"PLOT_001",2016,2,0.048944,0.009412,0.001882,0.033884,0.015687,0.001569,0.000941,0.013177,0.00353,0.000157,7.8e-05,0.004079,0.027609,0.003137,0.000627,0.031374,0.010589,0.000706,0.000235,0.012001,0.011765,0.00353,0.000706,0.00753,-4.7,33.2,5
"PLOT_001",2016,3,0.048944,0.009412,0.001882,0.033884,0.015687,0.001569,0.000941,0.013177,0.00353,0.000157,7.8e-05,0.004079,0.027609,0.003137,0.000627,0.031374,0.010589,0.000706,0.000235,0.012001,0.011765,0.00353,0.000706,0.00753,-1.3,21.5,8.1
"PLOT_001",2016,4,0.048944,0.009412,0.001882,0.033884,0.015687,0.001569,0.000941,0.013177,0.00353,0.000157,7.8e-05,0.004079,0.027609,0.003137,0.000627,0.031374,0.010589,0.000706,0.000235,0.012001,0.011765,0.00353,0.000706,0.00753,4.7,40.8,17.8
"PLOT_001",2016,5,0.048944,0.009412,0.001882,0.033884,0.015687,0.001569,0.000941,0.013177,0.00353,0.000157,7.8e-05,0.004079,0.027609,0.003137,0.000627,0.031374,0.010589,0.000706,0.000235,0.012001,0.011765,0.00353,0.000706,0.00753,10.4,44.2,41.4
"PLOT_001",2016,6,0.048944,0.009412,0.001882,0.033884,0.015687,0.001569,0.000941,0.013177,0.00353,0.000157,7.8e-05,0.004079,0.027609,0.003137,0.000627,0.031374,0.010589,0.000706,0.000235,0.012001,0.011765,0.00353,0.000706,0.00753,14.9,58.9,58.9
"PLOT_001",2016,7,0.048944,0.009412,0.001882,0.033884,0.015687,0.001569,0.000941,0.013177,0.00353,0.000157,7.8e-05,0.004079,0.027609,0.003137,0.000627,0.031374,0.010589,0.000706,0.000235,0.012001,0.011765,0.00353,0.000706,0.00753,15.5,56.5,65.3
"PLOT_001",2016,8,0.048944,0.009412,0.001882,0.033884,0.015687,0.001569,0.000941,0.013177,0.00353,0.000157,7.8e-05,0.004079,0.027609,0.003137,0.000627,0.031374,0.010589,0.000706,0.000235,0.012001,0.011765,0.00353,0.000706,0.00753,11.3,48.6,57.4
"PLOT_001",2016,9,0.048944,0.009412,0.001882,0.033884,0.015687,0.001569,0.000941,0.013177,0.00353,0.000157,7.8e-05,0.004079,0.027609,0.003137,0.000627,0.031374,0.010589,0.000706,0.000235,0.012001,0.011765,0.00353,0.000706,0.00753,9.9,71.6,39.8
"PLOT_001",2016,10,0.048944,0.009412,0.001882,0.033884,0.015687,0.001569,0.000941,0.013177,0.00353,0.000157,7.8e-05,0.004079,0.027609,0.003137,0.000627,0.031374,0.010589,0.000706,0.000235,0.012001,0.011765,0.00353,0.000706,0.00753,4.8,55.6,26.1
"PLOT_001",2016,11,0.048944,0.009412,0.001882,0.033884,0.015687,0.001569,0.000941,0.013177,0.00353,0.000157,7.8e-05,0.004079,0.027609,0.003137,0.000627,0.031374,0.010589,0.000706,0.000235,0.012001,0.011765,0.00353,0.000706,0.00753,-1.9,44.6,5
"PLOT_001",2016,12,0.048944,0.009412,0.001882,0.033884,0.015687,0.001569,0.000941,0.013177,0.00353,0.000157,7.8e-05,0.004079,0.027609,0.003137,0.000627,0.031374,0.010589,0.000706,0.000235,0.012001,0.011765,0.00353,0.000706,0.00753,-5.2,45.1,5
"PLOT_001",2017,1,0.047055,0.009049,0.00181,0.032576,0.015082,0.001508,0.000905,0.012669,0.003393,0.000151,7.5e-05,0.003921,0.026544,0.003016,0.000603,0.030163,0.01018,0.000679,0.000226,0.011537,0.011311,0.003393,0.000679,0.007239,-8,26.4,5
"PLOT_001",2017,2,0.047055,0.009049,0.00181,0.032576,0.015082,0.001508,0.000905,0.012669,0.003393,0.000151,7.5e-05,0.003921,0.026544,0.003016,0.000603,0.030163,0.01018,0.000679,0.000226,0.011537,0.011311,0.003393,0.000679,0.007239,-4.9,33.9,5
"PLOT_001",2017,3,0.047055,0.009049,0.00181,0.032576,0.015082,0.001508,0.000905,0.012669,0.003393,0.000151,7.5e-05,0.003921,0.026544,0.003016,0.000603,0.030163,0.01018,0.000679,0.000226,0.011537,0.011311,0.003393,0.000679,0.007239,-2.8,35.7,5
"PLOT_001",2017,4,0.047055,0.009049,0.00181,0.032576,0.015082,0.001508,0.000905,0.012669,0.003393,0.000151,7.5e-05,0.003921,0.026544,0.003016,0.000603,0.030163,0.01018,0.000679,0.000226,0.011537,0.011311,0.003393,0.000679,0.007239,2.8,47.7,20.5
"PLOT_001",2017,5,0.047055,0.009049,0.00181,0.032576,0.015082,0.001508,0.000905,0.012669,0.003393,0.000151,7.5e-05,0.003921,0.026544,0.003016,0.000603,0.030163,0.01018,0.000679,0.000226,0.011537,0.011311,0.003393,0.000679,0.007239,11.7,41.8,46.6
"PLOT_001",2017,6,0.047055,0.009049,0.00181,0.032576,0.015082,0.001508,0.000905,0.012669,0.003393,0.000151,7.5e-05,0.003921,0.026544,0.003016,0.000603,0.030163,0.01018,0.000679,0.000226,0.011537,0.011311,0.003393,0.000679,0.007239,14.4,62,58.7
"PLOT_001",2017,7,0.047055,0.009049,0.00181,0.032576,0.015082,0.001508,0.000905,0.012669,0.003393,0.000151,7.5e-05,0.003921,0.026544,0.003016,0.000603,0.030163,0.01018,0.000679,0.000226,0.011537,0.011311,0.003393,0.000679,0.007239,15.1,27.9,58.2
"PLOT_001",2017,8,0.047055,0.009049,0.00181,0.032576,0.015082,0.001508,0.000905,0.012669,0.003393,0.000151,7.5e-05,0.003921,0.026544,0.003016,0.000603,0.030163,0.01018,0.000679,0.000226,0.011537,0.011311,0.003393,0.000679,0.007239,14,96.4,57.6
"PLOT_001",2017,9,0.047055,0.009049,0.00181,0.032576,0.015082,0.001508,0.000905,0.012669,0.003393,0.000151,7.5e-05,0.003921,0.026544,0.003016,0.000603,0.030163,0.01018,0.000679,0.000226,0.011537,0.011311,0.003393,0.000679,0.007239,8.6,50.5,41.8
"PLOT_001",2017,10,0.047055,0.009049,0.00181,0.032576,0.015082,0.001508,0.000905,0.012669,0.003393,0.000151,7.5e-05,0.003921,0.026544,0.003016,0.000603,0.030163,0.01018,0.000679,0.000226,0.011537,0.011311,0.003393,0.000679,0.007239,4.5,48.2,25.6
"PLOT_001",2017,11,0.047055,0.009049,0.00181,0.032576,0.015082,0.001508,0.000905,0.012669,0.003393,0.000151,7.5e-05,0.003921,0.026544,0.003016,0.000603,0.030163,0.01018,0.000679,0.000226,0.011537,0.011311,0.003393,0.000679,0.007239,-1.2,62.6,5
"PLOT_001",2017,12,0.047055,0.009049,0.00181,0.032576,0.015082,0.001508,0.000905,0.012669,0.003393,0.000151,7.5e-05,0.003921,0.026544,0.003016,0.000603,0.030163,0.01018,0.000679,0.000226,0.011537,0.011311,0.003393,0.000679,0.007239,-6.3,57.4,5
"PLOT_001",2018,1,0.047055,0.009049,0.00181,0.032576,0.015082,0.001508,0.000905,0.012669,0.003393,0.000151,7.5e-05,0.003921,0.026544,0.003016,0.000603,0.030163,0.01018,0.000679,0.000226,0.011537,0.011311,0.003393,0.000679,0.007239,-9.1,36.1,5
"PLOT_001",2018,2,0.047055,0.009049,0.00181,0.032576,0.015082,0.001508,0.000905,0.012669,0.003393,0.000151,7.5e-05,0.003921,0.026544,0.003016,0.000603,0.030163,0.01018,0.000679,0.000226,0.011537,0.011311,0.003393,0.000679,0.007239,-7,39.4,5
"PLOT_001",2018,3,0.047055,0.009049,0.00181,0.032576,0.015082,0.001508,0.000905,0.012669,0.003393,0.000151,7.5e-05,0.003921,0.026544,0.003016,0.000603,0.030163,0.01018,0.000679,0.000226,0.011537,0.011311,0.003393,0.000679,0.007239,-4.2,20.3,5
"PLOT_001",2018,4,0.047055,0.009049,0.00181,0.032576,0.015082,0.001508,0.000905,0.012669,0.003393,0.000151,7.5e-05,0.003921,0.026544,0.003016,0.000603,0.030163,0.01018,0.000679,0.000226,0.011537,0.011311,0.003393,0.000679,0.007239,3.1,36.8,12.2
"PLOT_001",2018,5,0.047055,0.009049,0.00181,0.032576,0.015082,0.001508,0.000905,0.012669,0.003393,0.000151,7.5e-05,0.003921,0.026544,0.003016,0.000603,0.030163,0.01018,0.000679,0.000226,0.011537,0.011311,0.003393,0.000679,0.007239,9.6,35.6,41.6
"PLOT_001",2018,6,0.047055,0.009049,0.00181,0.032576,0.015082,0.001508,0.000905,0.012669,0.003393,0.000151,7.5e-05,0.003921,0.026544,0.003016,0.000603,0.030163,0.01018,0.000679,0.000226,0.011537,0.011311,0.003393,0.000679,0.007239,14.2,57.6,55.1
"PLOT_001",2018,7,0.047055,0.009049,0.00181,0.032576,0.015082,0.001508,0.000905,0.012669,0.003393,0.000151,7.5e-05,0.003921,0.026544,0.003016,0.000603,0.030163,0.01018,0.000679,0.000226,0.011537,0.011311,0.003393,0.000679,0.007239,15.7,70.1,60.3
"PLOT_001",2018,8,0.047055,0.009049,0.00181,0.032576,0.015082,0.001508,0.000905,0.012669,0.003393,0.000151,7.5e-05,0.003921,0.026544,0.003016,0.000603,0.030163,0.01018,0.000679,0.000226,0.011537,0.011311,0.003393,0.000679,0.007239,12.9,78.5,53.6
"PLOT_001",2018,9,0.047055,0.009049,0.00181,0.032576,0.015082,0.001508,0.000905,0.012669,0.003393,0.000151,7.5e-05,0.003921,0.026544,0.003016,0.000603,0.030163,0.01018,0.000679,0.000226,0.011537,0.011311,0.003393,0.000679,0.007239,9.7,63.8,37
"PLOT_001",2018,10,0.047055,0.009049,0.00181,0.032576,0.015082,0.001508,0.000905,0.012669,0.003393,0.000151,7.5e-05,0.003921,0.026544,0.003016,0.000603,0.030163,0.01018,0.000679,0.000226,0.011537,0.011311,0.003393,0.000679,0.007239,5.4,49.3,30.5
"PLOT_001",2018,11,0.047055,0.009049,0.00181,0.032576,0.015082,0.001508,0.000905,0.012669,0.003393,0.000151,7.5e-05,0.003921,0.026544,0.003016,0.000603,0.030163,0.01018,0.000679,0.000226,0.011537,0.011311,0.003393,0.000679,0.007239,-2.4,56.4,5
"PLOT_001",2018,12,0.047055,0.009049,0.00181,0.032576,0.015082,0.001508,0.000905,0.012669,0.003393,0.000151,7.5e-05,0.003921,0.026544,0.003016,0.000603,0.030163,0.01018,0.000679,0.000226,0.011537,0.011311,0.003393,0.000679,0.007239,-7.5,33.5,5
"PLOT_001",2019,1,0.048944,0.009412,0.001882,0.033884,0.015687,0.001569,0.000941,0.013177,0.00353,0.000157,7.8e-05,0.004079,0.027609,0.003137,0.000627,0.031374,0.010589,0.000706,0.000235,0.012001,0.011765,0.00353,0.000706,0.00753,-8.4,44.7,5
"PLOT_001",2019,2,0.048944,0.009412,0.001882,0.033884,0.015687,0.001569,0.000941,0.013177,0.00353,0.000157,7.8e-05,0.004079,0.027609,0.003137,0.000627,0.031374,0.010589,0.000706,0.000235,0.012001,0.011765,0.00353,0.000706,0.00753,-6.4,35.1,5
"PLOT_001",2019,3,0.048944,0.009412,0.001882,0.033884,0.015687,0.001569,0.000941,0.013177,0.00353,0.000157,7.8e-05,0.004079,0.027609,0.003137,0.000627,0.031374,0.010589,0.000706,0.000235,0.012001,0.011765,0.00353,0.000706,0.00753,-2.8,28.6,5
"PLOT_001",2019,4,0.048944,0.009412,0.001882,0.033884,0.015687,0.001569,0.000941,0.013177,0.00353,0.000157,7.8e-05,0.004079,0.027609,0.003137,0.000627,0.031374,0.010589,0.000706,0.000235,0.012001,0.011765,0.00353,0.000706,0.00753,4.2,26.4,26.5
"PLOT_001",2019,5,0.048944,0.009412,0.001882,0.033884,0.015687,0.001569,0.000941,0.013177,0.00353,0.000157,7.8e-05,0.004079,0.027609,0.003137,0.000627,0.031374,0.010589,0.000706,0.000235,0.012001,0.011765,0.00353,0.000706,0.00753,10.7,51.7,34.3
"PLOT_001",2019,6,0.048944,0.009412,0.001882,0.033884,0.015687,0.001569,0.000941,0.013177,0.00353,0.000157,7.8e-05,0.004079,0.027609,0.003137,0.000627,0.031374,0.010589,0.000706,0.000235,0.012001,0.011765,0.00353,0.000706,0.00753,13.2,66.2,54.7
"PLOT_001",2019,7,0.048944,0.009412,0.001882,0.033884,0.015687,0.001569,0.000941,0.013177,0.00353,0.000157,7.8e-05,0.004079,0.027609,0.003137,0.000627,0.031374,0.010589,0.000706,0.000235,0.012001,0.011765,0.00353,0.000706,0.00753,18,75.1,53.8
"PLOT_001",2019,8,0.048944,0.009412,0.001882,0.033884,0.015687,0.001569,0.000941,0.013177,0.00353,0.000157,7.8e-05,0.004079,0.027609,0.003137,0.000627,0.031374,0.010589,0.000706,0.000235,0.012001,0.011765,0.00353,0.000706,0.00753,13.3,44.9,56
"PLOT_001",2019,9,0.048944,0.009412,0.001882,0.033884,0.015687,0.001569,0.000941,0.013177,0.00353,0.000157,7.8e-05,0.004079,0.027609,0.003137,0.000627,0.031374,0.010589,0.000706,0.000235,0.012001,0.011765,0.00353,0.000706,0.00753,8.5,45.9,39.4
"PLOT_001",2019,10,0.048944,0.009412,0.001882,0.033884,0.015687,0.001569,0.000941,0.013177,0.00353,0.000157,7.8e-05,0.004079,0.027609,0.003137,0.000627,0.031374,0.010589,0.000706,0.000235,0.012001,0.011765,0.00353,0.000706,0.00753,4.3,53.9,27.2
"PLOT_001",2019,11,0.048944,0.009412,0.001882,0.033884,0.015687,0.001569,0.000941,0.013177,0.00353,0.000157,7.8e-05,0.004079,0.027609,0.003137,0.000627,0.031374,0.010589,0.000706,0.000235,0.012001,0.011765,0.00353,0.000706,0.00753,-2.1,44,5
"PLOT_001",2019,12,0.048944,0.009412,0.001882,0.033884,0.015687,0.001569,0.000941,0.013177,0.00353,0.000157,7.8e-05,0.004079,0.027609,0.003137,0.000627,0.031374,0.010589,0.000706,0.000235,0.012001,0.011765,0.00353,0.000706,0.00753,-7.8,40.7,5
"PLOT_001",2020,1,0.052,0.01,0.002,0.036,0.016667,0.001667,0.001,0.014,0.00375,0.000167,8.3e-05,0.004333,0.029333,0.003333,0.000667,0.033333,0.01125,0.00075,0.00025,0.01275,0.0125,0.00375,0.00075,0.008,-9.7,40.3,5
"PLOT_001",2020,2,0.052,0.01,0.002,0.036,0.016667,0.001667,0.001,0.014,0.00375,0.000167,8.3e-05,0.004333,0.029333,0.003333,0.000667,0.033333,0.01125,0.00075,0.00025,0.01275,0.0125,0.00375,0.00075,0.008,-8.1,30.9,5
"PLOT_001",2020,3,0.052,0.01,0.002,0.036,0.016667,0.001667,0.001,0.014,0.00375,0.000167,8.3e-05,0.004333,0.029333,0.003333,0.000667,0.033333,0.01125,0.00075,0.00025,0.01275,0.0125,0.00375,0.00075,0.008,-1.6,27.5,5
"PLOT_001",2020,4,0.052,0.01,0.002,0.036,0.016667,0.001667,0.001,0.014,0.00375,0.000167,8.3e-05,0.004333,0.029333,0.003333,0.000667,0.033333,0.01125,0.00075,0.00025,0.01275,0.0125,0.00375,0.00075,0.008,3.4,49.9,13.5
"PLOT_001",2020,5,0.052,0.01,0.002,0.036,0.016667,0.001667,0.001,0.014,0.00375,0.000167,8.3e-05,0.004333,0.029333,0.003333,0.000667,0.033333,0.01125,0.00075,0.00025,0.01275,0.0125,0.00375,0.00075,0.008,7.6,51.9,36.7
"PLOT_001",2020,6,0.052,0.01,0.002,0.036,0.016667,0.001667,0.001,0.014,0.00375,0.000167,8.3e-05,0.004333,0.029333,0.003333,0.000667,0.033333,0.01125,0.00075,0.00025,0.01275,0.0125,0.00375,0.00075,0.008,14.3,56.5,58.7
"PLOT_001",2020,7,0.052,0.01,0.002,0.036,0.016667,0.001667,0.001,0.014,0.00375,0.000167,8.3e-05,0.004333,0.029333,0.003333,0.000667,0.033333,0.01125,0.00075,0.00025,0.01275,0.0125,0.00375,0.00075,0.008,15.9,83.1,59.2
"PLOT_001",2020,8,0.052,0.01,0.002,0.036,0.016667,0.001667,0.001,0.014,0.00375,0.000167,8.3e-05,0.004333,0.029333,0.003333,0.000667,0.033333,0.01125,0.00075,0.00025,0.01275,0.0125,0.00375,0.00075,0.008,11.5,66.2,51.9
"PLOT_001",2020,9,0.052,0.01,0.002,0.036,0.016667,0.001667,0.001,0.014,0.00375,0.000167,8.3e-05,0.004333,0.029333,0.003333,0.000667,0.033333,0.01125,0.00075,0.00025,0.01275,0.0125,0.00375,0.00075,0.008,9,60.3,38.6
"PLOT_001",2020,10,0.052,0.01,0.002,0.036,0.016667,0.001667,0.001,0.014,0.00375,0.000167,8.3e-05,0.004333,0.029333,0.003333,0.000667,0.033333,0.01125,0.00075,0.00025,0.01275,0.0125,0.00375,0.00075,0.008,4.2,64.6,15.5
"PLOT_001",2020,11,0.052,0.01,0.002,0.036,0.016667,0.001667,0.001,0.014,0.00375,0.000167,8.3e-05,0.004333,0.029333,0.003333,0.000667,0.033333,0.01125,0.00075,0.00025,0.01275,0.0125,0.00375,0.00075,0.008,-2.8,29.5,5
"PLOT_001",2020,12,0.052,0.01,0.002,0.036,0.016667,0.001667,0.001,0.014,0.00375,0.000167,8.3e-05,0.004333,0.029333,0.003333,0.000667,0.033333,0.01125,0.00075,0.00025,0.01275,0.0125,0.00375,0.00075,0.008,-7.1,49.4,5
