"plot_id","n_obs","mean_resid","abs_resid","mean_obs","mean_pred","ratio_obs_pred"
"57673",3,1.45331856033394,1.45331856033394,66.5653536406007,15.4291313787301,4.63921610213502
"47451",3,1.42189692495102,1.42189692495102,118.821622397318,30.1776759773493,4.26051762230986
"57611",3,1.40554017649973,1.40554017649973,106.488659372349,27.3585584263007,4.57193673410073
"37551",3,1.34698232948087,1.34698232948087,119.106331868431,30.0729869703452,3.9428605824297
"69711",3,1.27329263535467,1.27329263535467,127.183272450939,35.3146402140458,3.61331262235083
"15631",3,1.2600224215504,1.2600224215504,126.626539979836,35.9838029940923,3.83010664885257
"9311",1,1.24659249537683,1.24659249537683,166.680478148376,47.9177586436272,3.4784698380408
"73631",3,1.21913677595973,1.21913677595973,92.8328310663413,27.7537254889806,3.39924942152838
"71694",1,-1.19782544926746,1.19782544926746,68.3419896049486,226.410519361496,0.301849886646967
"41771",3,1.18873380152854,1.18873380152854,124.109285226151,38.1366163492203,3.31108938695624
"37254",1,1.16211922847811,1.16211922847811,98.2772839113786,30.743349134922,3.1967006418225
"23673",1,1.13340164572123,1.13340164572123,277.611837638229,89.373321890831,3.10620475735847
"13591",3,-1.13012065498394,1.13012065498394,75.393829519181,222.491808772087,0.335463657939301
"45391",2,1.12930855796679,1.12930855796679,154.673006890516,48.4148420989513,3.16140651666724
"43732",1,1.11126077883645,1.11126077883645,211.273661060499,69.5393991470337,3.03818646194775
"29351",3,1.10190826901036,1.10190826901036,86.2563546647982,27.5860772331556,3.1792150468193
"41333",3,-1.09734198570095,1.09734198570095,42.6017346987137,123.869038502375,0.339053416899898
"47652",1,1.0771965931735,1.0771965931735,174.436109401579,59.404022693634,2.93643597675536
"11272",1,1.07714486725573,1.07714486725573,142.866207276268,48.6554443836212,2.93628409083775
"33452",1,-1.07686265293634,1.07686265293634,87.4391853068316,256.67384147644,0.340662627729665
"7351",3,1.07643667821825,1.07643667821825,157.164687075726,49.5444727440675,3.1106814301351
"63511",3,1.0631524662823,1.0631524662823,57.8434262599291,18.8203042646249,3.0512970627867
"101471",3,1.04598693910422,1.04598693910422,81.4440192202511,28.385562201341,2.86945903187426
"101631",3,1.04380912427814,1.04380912427814,122.241159555196,42.9979750911395,2.84441158930452
"27231",3,1.04284053431593,1.04284053431593,158.99259580612,53.0556602279345,2.96294446322427
"104411",3,1.03745205706819,1.03745205706819,75.713868291424,26.5856580833594,2.87232114230735
"55411",3,-1.02491713784677,1.02491713784677,75.9339237929575,204.357770125071,0.377625987920283
"35351",3,1.01554665313361,1.01554665313361,100.981236950614,34.8368133604527,2.90051297628741
"27693",1,1.00929440440706,1.00929440440706,152.158386405485,55.4580894112587,2.74366441434953
"55652",1,0.984858503110985,0.984858503110985,318.18422289294,118.839284420013,2.6774330091755
"57471",3,0.982904518963393,0.982904518963393,111.351068625639,41.357612301906,2.68510013105205
"119551",3,0.975661911883987,0.975661911883987,93.0708976321772,32.8588691850503,2.7911140880696
"15431",3,-0.964750040058285,0.964750040058285,100.483965519776,250.196087280909,0.40364715283803
"29551",3,0.963245863987194,0.963245863987194,110.944633216652,40.8912775615851,2.65161638454597
"25232",1,0.959399801367173,0.959399801367173,259.905660810828,99.5757758617401,2.61012940709299
"75533",1,0.938216655164215,0.938216655164215,155.053203807061,60.6762075424194,2.55542015704692
"49771",1,0.924472452075667,0.924472452075667,130.539391359961,51.7902847528458,2.52053820485681
"25371",2,-0.916509354334969,0.916509354334969,55.3921032945766,121.630710661411,0.451373449373372
"17171",1,0.910698333109414,0.910698333109414,183.472254010782,73.8004713654518,2.48605802396908
"41391",3,0.910527564612322,0.910527564612322,199.924775232012,79.2956216136615,2.5247429628399
"21431",3,0.908194622275221,0.908194622275221,140.639698195563,50.7423891623815,2.79427717577517
"51771",3,-0.905497043205123,0.905497043205123,55.0148246795202,128.546139121056,0.440368098226146
"19393",1,0.905238292209653,0.905238292209653,148.163858139684,59.9242053031921,2.47252103536518
"11374",1,0.899442273564193,0.899442273564193,214.296614814258,87.1751080751419,2.45823170794973
"77693",3,0.897033704859998,0.897033704859998,93.6924885842375,38.2449502746264,2.45438093833319
"17312",3,0.894371628899518,0.894371628899518,213.301333235562,81.785224934419,2.64923602744775
"128531",1,0.893070867052767,0.893070867052767,65.5067315065734,26.8182343244553,2.442619104377
"45331",3,0.886489374295167,0.886489374295167,109.663417246524,42.0895014206568,2.60912263159143
"137551",3,-0.882033515064482,0.882033515064482,56.0417262841675,134.624102433523,0.418530658642011
"79591",3,0.882009266355714,0.882009266355714,96.1188550487808,39.8260186215242,2.43539070774496
"9351",3,0.8756421155836,0.8756421155836,140.62398385424,55.7203387816747,2.52243662337992
"33771",3,0.869273695860313,0.869273695860313,108.795342245655,46.3747067550818,2.42820799359987
"43351",2,0.865972497328032,0.865972497328032,89.6082151954105,35.8310461044312,2.4793921165881
"31673",2,-0.858538898224874,0.858538898224874,52.8922857509854,122.497051715851,0.431402390662522
"17252",1,0.858452940255671,0.858452940255671,193.975965701096,82.2103595733643,2.35950756945653
"89471",3,0.853765481954067,0.853765481954067,62.870437174565,26.6502688725789,2.38074099346027
"95392",1,0.843929195614875,0.843929195614875,73.1777586259016,31.4677224159241,2.32548633989699
"75611",3,0.824385220901809,0.824385220901809,130.450693531941,56.9280220071475,2.29605006424449
"17491",3,0.823202120058771,0.823202120058771,117.087758557867,49.0319306453069,2.36728487941929
"31751",3,0.721104223632408,0.822906177577224,228.977090324684,89.1693816582362,2.64443976053889
"23211",3,0.816005146139188,0.816005146139188,83.6735636245753,37.209966202577,2.29098694808568
"13491",2,0.812913276866462,0.812913276866462,179.826333313109,77.9402523636818,2.2747772844531
"13254",1,0.81253167575893,0.81253167575893,161.765689922268,71.7808160185814,2.25360617076842
"71492",3,0.810986383752811,0.810986383752811,60.0904457897721,26.8254358569781,2.28312321539002
"71651",3,0.808769889618628,0.808769889618628,95.8534725617182,42.5304682652156,2.25148734784757
"67391",3,-0.806007901560254,0.806007901560254,65.2461147190329,137.049036343892,0.481936343002979
"9374",1,0.805064561733117,0.805064561733117,151.756408945208,67.8440779447556,2.23684090848402
"79651",3,0.803951219417095,0.803951219417095,69.2553160921442,30.9573351244132,2.23986933306339
"77591",3,0.800404434274524,0.800404434274524,80.5445056462341,36.3940371274948,2.23191946804665
"7271",3,0.76853948902594,0.795688726810078,157.417908676044,64.1254238088926,2.50438303224666
"45671",3,0.793191115503093,0.793191115503093,94.0627640450804,39.9963036477566,2.33317427624853
"33291",1,0.791651233644028,0.791651233644028,124.532543492343,56.4251985549927,2.20703775408025
"75571",3,-0.785734985796664,0.785734985796664,48.1312941845139,101.252037644386,0.479693201103931
"35411",1,0.785289286183819,0.785289286183819,116.540396288992,53.1409956216812,2.19304126551675
"41674",1,0.776337602592041,0.776337602592041,176.812728187941,81.3494064211845,2.17349745949586
"65391",1,0.775361475937356,0.775361475937356,95.9301314132481,44.179401576519,2.17137688583437
"43511",3,-0.774692305203386,0.774692305203386,65.2205532704998,139.506208141645,0.471789916449716
"67611",3,0.769581569008776,0.769581569008776,144.108500567358,65.1368990937869,2.22571113349162
"67493",1,0.768468513154285,0.768468513154285,130.585186238297,60.5553164482117,2.15646113169892
"39611",3,0.758170804552449,0.758170804552449,81.4699967459041,36.784365216891,2.21832127827749
"9391",2,0.755586106823527,0.755586106823527,180.413655621414,84.7502407729626,2.12988441391026
"31651",3,0.75248430679025,0.75248430679025,170.246770495907,77.5136592189471,2.20265058865635
"53431",3,0.751410650455302,0.751410650455302,52.5478145691669,23.2441546072563,2.25594879557396
"31432",1,0.73644683681423,0.73644683681423,146.169657156174,69.9878143072128,2.08850152848837
"59551",3,0.735102674156558,0.735102674156558,88.2390383993334,40.7909471094608,2.19733823024653
"31351",3,0.726228241560446,0.726228241560446,129.480231907141,59.7717861731847,2.19470104325736
"47332",1,0.72492726535778,0.72492726535778,114.773355270122,55.5915991067886,2.06458092795007
"110532",3,0.724629949898949,0.724629949898949,79.7989188464061,35.4781071146329,2.24695087168854
"11392",1,0.722135184839155,0.722135184839155,107.461378944916,52.1955025196075,2.05882449171837
"63633",3,0.713272251635072,0.713272251635072,93.5248984257826,44.0051059623559,2.10384860905399
"31491",3,0.703776998047964,0.703776998047964,100.61417659447,49.3068118492762,2.07874360622007
"59591",3,-0.697968752624228,0.697968752624228,49.8659639960211,97.9902351697286,0.514059371276543
"95591",2,0.696565456559417,0.696565456559417,76.3489705607868,37.997063100338,2.01219755039097
"49252",3,0.69204805141021,0.69204805141021,87.7314239919874,42.6595009664694,2.08513432780103
"101391",3,0.6903796429046,0.6903796429046,62.8739178048357,31.559332460165,1.99599748591415
"73511",3,-0.686143272386617,0.686143272386617,62.5972570013833,119.287507017454,0.529454184525284
"53571",3,0.680791062897721,0.680791062897721,82.0394598835571,38.8871905604998,2.05799029586904
"15313",1,0.678593766397733,0.678593766397733,189.555152708275,96.166999578476,1.97110394978675
"5371",3,0.67809021034297,0.67809021034297,113.070965857819,52.0328518946966,2.19646617158094
"43253",1,0.675054489363434,0.675054489363434,108.807424267654,55.396980047226,1.96413999779222
"25431",2,-0.674869883039715,0.674869883039715,83.3778326596515,135.523452579975,0.593393404453914
"9471",3,-0.672136155892861,0.672136155892861,44.6193426540225,85.4148878852526,0.520815170779689
"71553",1,0.668298353870674,0.668298353870674,98.1919918113902,50.3312576413155,1.95091472800368
"33751",3,0.653566078159175,0.653566078159175,127.602778795071,62.4653344949087,2.03156625622211
"47312",1,-0.6398162746211,0.6398162746211,94.8042642683457,179.761444687843,0.527389309943374
"9451",3,0.63670314991772,0.63670314991772,145.217189798362,69.6815796891848,2.08428827185577
"61531",3,-0.636661101913176,0.636661101913176,53.6740215640081,92.4664643406868,0.591581015257422
"25511",3,-0.636656434961543,0.636656434961543,51.8315678366299,97.8271741469701,0.531079120185274
"35732",1,0.634882651496343,0.634882651496343,137.286717227734,72.7616415023804,1.88680071522634
"107511",3,0.63116841774286,0.63116841774286,83.9593380386262,44.0926407376925,1.90132980794515
"33431",3,0.628484518482331,0.628484518482331,79.4243816356339,42.4925610323747,1.88162570378229
"27633",1,0.628465004639765,0.628465004639765,117.269687530142,62.5528187155724,1.87473066662859
"35234",3,0.620542756725818,0.620542756725818,37.8282758493833,20.2785952935616,1.86406057539429
"57412",3,-0.615260720471109,0.615260720471109,58.4252117699222,104.027184387048,0.562498607599143
"41611",3,0.503473787898979,0.612144503074816,132.083227969038,70.1635588010152,1.82458101747356
"27611",1,0.610086439231225,0.610086439231225,138.946989346946,75.4904417991638,1.84059049113268
"31531",3,0.609226896851365,0.609226896851365,118.753346904679,63.6444009542465,1.85811877437739
"11591",3,0.608956909848135,0.608956909848135,54.2462502245296,28.6311037739118,1.87827088895791
"27311",3,0.607082481455171,0.607082481455171,113.070442849259,61.1808111270269,1.84612866737473
"73532",1,-0.594824234957149,0.594824234957149,43.3442969537226,78.5707404613495,0.551659519806161
"45231",3,0.359104038297719,0.590451311993545,132.549133040787,82.6027132868767,1.63381003888795
"61692",1,0.59043209706179,0.59043209706179,135.915957216384,75.3093755245209,1.80476808192533
"61612",3,-0.589837940380045,0.589837940380045,82.5495006112877,141.005333820979,0.586138461988088
"21211",3,0.488275011459814,0.586732681239225,103.932821454168,57.2645710706711,1.78177268316325
"25491",3,0.586010708528095,0.586010708528095,125.05766373821,65.6192601720492,1.90240295740646
"125273",1,0.581282550832704,0.581282550832704,69.1973778003628,38.6938401460648,1.78833058541491
"9271",3,0.066462196041835,0.579377038620802,110.144255716253,89.3684092561404,1.24968897482829
"51712",3,-0.578738001920314,0.578738001920314,64.1889783661163,110.447822332382,0.581215985828412
"55311",3,-0.575284696636261,0.575284696636261,59.3744164812605,103.897007246812,0.577540413568121
"45471",3,0.575012856502189,0.575012856502189,79.2660551932944,44.4696029126644,1.82552802487743
"27411",3,0.571583971222396,0.571583971222396,120.004761203035,67.5761614839236,1.87362900530587
"23572",1,0.571548622468951,0.571548622468951,123.898320483544,69.95922768116,1.77100755097258
"19293",3,0.570319145985574,0.570319145985574,114.959886281626,63.742537399133,1.80178323289199
"11531",3,-0.569864904224085,0.569864904224085,57.6249411905067,96.7775494058927,0.597217273152002
"116571",3,0.569626704877565,0.569626704877565,66.3162224535053,34.4418957829475,1.91765398431015
"5311",3,0.196682626031768,0.569535543052127,98.8048187385971,70.7809418439865,1.38174304754414
"47531",3,-0.568012501439999,0.568012501439999,78.5123948359256,137.521008094152,0.570184790004521
"15611",3,0.209813458065284,0.567172470138492,82.6697639599428,58.1662143667539,1.40958352945141
"55353",3,0.480313585766492,0.564714831268755,84.8848642311094,46.8453080455462,1.77393507968673
"81531",3,0.102565391202164,0.562814460122114,132.379747950615,93.2899639606476,1.40193099653699
"125511",3,0.562319637422058,0.562319637422058,53.086991715832,29.9482082525889,1.770794407193
"57571",3,-0.561967779188332,0.561967779188332,62.3925462329151,105.638424396515,0.59724679646367
"45713",1,-0.561562980372305,0.561562980372305,48.501248939367,85.0426188707352,0.570316972635673
"47412",3,-0.554741706893542,0.554741706893542,58.1656563216571,100.971033573151,0.57687289079679
"33391",3,-0.552438103353369,0.552438103353369,85.2304464146686,139.424243807793,0.619212034484126
"11411",3,0.551851516935758,0.551851516935758,93.2500231302837,52.2022517422835,1.83234735276046
"57694",1,0.551612177489337,0.551612177489337,111.439613682262,64.1914924383163,1.73604958304012
"53531",3,-0.311502234965391,0.550728579289869,75.3561592174163,90.2248245875041,0.837854452075139
"43651",1,0.550558645715734,0.550558645715734,115.563989867605,66.6373849511147,1.73422156275164
"73453",1,-0.547543172600188,0.547543172600188,77.2308482951518,133.532132148743,0.578369019144573
"41471",3,-0.543021911994353,0.543021911994353,83.3773239084264,140.637686371803,0.592410792403873
"37711",3,-0.455117590755342,0.539084697513733,106.737796953823,154.175299723943,0.721191025113631
"23531",2,0.530133617422743,0.530133617422743,115.736595452508,66.6197443008423,1.7288384355602
"77473",3,0.529461220907023,0.529461220907023,90.1813691024507,53.1536486943563,1.69832019904837
"107431",3,0.526390842378224,0.526390842378224,70.5777216470724,41.5876941680908,1.69664945568643
"79533",3,-0.521295548504253,0.521295548504253,34.4649441712926,57.3870228926341,0.607242606690205
"65711",3,0.480332714238912,0.521185857358051,57.5367657281694,32.3135754267375,1.72653604075125
"110611",3,-0.0125763686082217,0.52053275756121,63.7229149857937,57.2523682912191,1.12744385790608
"31211",3,0.508358453479532,0.520504206634744,105.640745646273,57.883120238781,1.76985721718129
"13391",3,0.519880505770424,0.519880505770424,125.714775611073,72.236627916495,1.74945886689068
"39531",3,-0.515502478286447,0.515502478286447,87.6868909919477,138.707663416862,0.647565191959948
"23591",3,-0.51359149139395,0.51359149139395,75.7864272561705,122.731183012327,0.607878431978629
"33331",3,0.512000414873132,0.512000414873132,132.045387131732,65.1073843240738,1.93052362694572
"37671",3,0.273842537240353,0.506909116362498,94.5892397827251,65.7586563626925,1.43418478373203
"25611",3,0.502635115193812,0.502635115193812,93.6547741383915,55.4278655648232,1.68276053028193
"79671",3,0.482266089045697,0.49707792270143,65.0665800241106,36.9743764003118,1.75276954001331
"43191",3,-0.0253867277027127,0.495889036015791,95.1424875045801,86.6258921027184,1.11463289042485
"31414",1,0.49301080160908,0.49301080160908,164.717371049564,100.606845378876,1.63723820610073
"33691",3,0.32121764946011,0.48717764229964,134.549343800529,80.665630598863,1.71080686601724
"11571",3,-0.439434742494866,0.486006295177747,69.4087020302446,90.8764054179192,0.7665460877056
"51471",3,0.0907954137851534,0.485113031664086,85.1177263910998,70.6360125541687,1.21493403279638
"101431",3,0.388168984784132,0.484531222013948,61.6461462535835,39.0394040544828,1.57527004435388
"15591",3,-0.477207330152017,0.477207330152017,69.379352163049,111.093902607759,0.62752344566852
"49331",3,0.476201607843285,0.476201607843285,68.3641893692212,41.4332582553228,1.64247927289737
"122571",2,0.47423346488514,0.47423346488514,66.0599928995259,40.3853693455458,1.64257242073534
"98491",3,0.472611516703308,0.472611516703308,49.9058834117549,31.2872324585915,1.60872927663803
"49352",3,-0.47176024914184,0.47176024914184,59.2071161412676,91.9710901975632,0.660383276388575
"49751",3,0.173243371153457,0.471465297500927,88.6609381665783,68.0331660310427,1.32405840555416
"25351",3,0.176638976626814,0.471259459469787,98.892471319702,73.856486360232,1.3236330347431
"13291",3,0.364999479275887,0.467032203057131,128.473472886013,84.8642020622889,1.53063731135797
"21411",2,-0.148611484291408,0.466547240330837,83.3287085845644,86.4275896251202,0.957421528893392
"39691",3,0.404708810474003,0.463517444223702,92.1950267331632,58.2499666015307,1.58405354083395
"47511",3,-0.461943973330667,0.461943973330667,54.5633339364168,86.5089635252953,0.635054460984206
"98451",3,0.457717176816244,0.457717176816244,64.4500434929165,39.4560761054357,1.63531113598991
"23614",1,0.455374611516951,0.455374611516951,172.409134453846,109.343655943871,1.57676394634499
"53631",1,0.453872168580133,0.453872168580133,107.774203999127,68.4542860984802,1.57439672724189
"17411",3,-0.406416645066477,0.452006881618405,94.6376066680355,127.58102953434,0.738893951771344
"77551",3,0.451309975265329,0.451309975265329,142.526484727863,83.0729527076085,1.74285474791499
"35511",1,-0.449753980204786,0.449753980204786,56.1278439055239,88.0043280720711,0.637785040067098
"45271",3,-0.322049294144485,0.448748935528319,79.5114934599473,102.204755783081,0.79632558175779
"47592",1,0.445710191199193,0.445710191199193,192.062650351836,122.991030693054,1.56159883586277
"37414",3,0.368436140395466,0.445447977344483,110.375372580357,72.5966812968254,1.5416729868803
"43371",3,-0.443985526020195,0.443985526020195,63.9222232705377,98.8944862087568,0.64642432474298
"57651",3,0.379093751351522,0.442844263928095,124.761322966359,81.4705815712611,1.53981770464252
"33231",3,-0.440043362218599,0.440043362218599,82.573166139406,123.743835230668,0.671476721443321
"17292",3,-0.206397642304301,0.439875022287576,92.8483177939274,107.21178406477,0.897159132859325
"21251",3,0.297371602642453,0.439700550279316,124.012604168056,87.0003785888354,1.43164066540684
"45351",3,-0.201674486717083,0.438166674684232,64.5267266237089,71.6853468219439,0.934592766335038
"61591",3,0.418410080059764,0.437148148854349,79.2611083903794,49.3096995155017,1.61050854894845
"41351",3,-0.337466899186074,0.436035143875002,90.8451221071645,118.88177716732,0.766941822116423
"43611",3,-0.436015880475985,0.436015880475985,80.8647610347997,116.244225382805,0.69644116582661
"47771",3,-0.413161532461889,0.435005340904756,95.4820258527162,136.763157486916,0.700689172939454
"31591",3,-0.43118869911352,0.43118869911352,50.8548762806596,77.9286450743675,0.652310026654014
"51631",3,0.430772867014017,0.430772867014017,88.9191516186375,56.1586035688718,1.58311883208004
"65731",3,0.427229067842585,0.427229067842585,77.250465116046,50.0271562933922,1.58731770197009
"63734",1,0.426709256534825,0.426709256534825,129.52664083478,84.5359869003296,1.53220711775088
"17611",3,0.425669671635393,0.425669671635393,83.8775849811814,53.7646676301956,1.56079204592657
"37591",3,-0.424656727277336,0.424656727277336,76.0035257167653,106.344839294751,0.714090542228853
"21594",1,0.421484246647307,0.421484246647307,129.271223655286,84.811272084713,1.52422219921622
"77654",1,-0.421438912348375,0.421438912348375,70.3121315923532,107.166453421116,0.656102066903886
"29691",3,0.246772306881885,0.420032614484754,130.844338692414,92.3476236263911,1.43375765646945
"65611",3,0.419145488947074,0.419145488947074,59.1258329506877,38.2393741210302,1.54117221592841
"39791",3,0.182574665516645,0.417509308524132,110.928131035885,90.1412287155787,1.28400337166315
"25691",3,-0.416190201881323,0.416190201881323,97.2366509674386,141.10981520017,0.709299388585317
"49373",3,0.19422422579103,0.415909457054475,86.0799775524321,66.0171805421511,1.30076477660757
"15291",3,0.415873531018413,0.415873531018413,133.408004467491,87.6269868214925,1.526125171221
"75711",3,0.388222409326121,0.414914771301848,123.244819270939,80.1714420119921,1.55684515747441
"37772",1,0.41477471101556,0.41477471101556,83.4899411764468,55.1441931724548,1.51402960807397
"86531",3,0.413549357816299,0.413549357816299,67.0761514380922,41.9462500611941,1.57776241528462
"45571",3,0.235681215474028,0.412925453392615,116.682455849989,86.95587627093,1.33988051437342
"21531",3,0.255486104127494,0.411680880734815,106.859014086206,78.4779262542725,1.36327036623578
"51432",3,0.14815939715736,0.408210201030211,69.8832601746233,53.0243152976036,1.28407685753591
"19611",3,0.406968129349229,0.406968129349229,107.236308560912,69.4880965352058,1.54285115262825
"35691",3,-0.107640705358286,0.406217745980008,116.465451278616,123.054253220558,0.978644223020209
"19191",3,0.183018856336557,0.4035687010593,68.2682354864253,54.3805402119954,1.2775162774572
"23551",3,0.0153854697673454,0.40353061590938,74.9992008241115,66.3327918847402,1.12886397310495
"31711",3,0.266295778266209,0.402864864979044,108.694244654536,78.3675697048505,1.38132096597861
"51791",3,0.4021767863712,0.4021767863712,82.4908263796006,54.5769754052162,1.50386498052466
"21551",3,0.400740898856053,0.400740898856053,75.6826264373417,50.3703516523043,1.50143898242596
"29471",2,0.302674902271173,0.400530134741959,164.44734561548,112.243138551712,1.46349868998324
"45551",3,-0.331139536907329,0.399665600552003,92.6984774153033,115.052874187628,0.813239609538051
"49551",3,-0.39687769970594,0.39687769970594,85.2971373047475,126.870718042056,0.676429699096148
"13571",3,-0.396515553275638,0.396515553275638,41.7345993224945,60.6326827208201,0.682694767780407
"19494",3,-0.393814969818595,0.393814969818595,108.985249891917,153.166737556458,0.726680693707412
"57631",1,0.393281701793168,0.393281701793168,113.488689359248,76.5865502357483,1.48183576633113
"71531",3,-0.308334882734849,0.391547528678579,79.7923955996664,104.437371015549,0.776186022170706
"65411",3,0.246269651511965,0.390232626918287,92.1527855548905,67.7657209237417,1.34339498071656
"13351",3,0.257669518303237,0.388956034022768,113.525799858031,81.5165151158969,1.39723058376126
"47371",3,-0.234953568847456,0.388068071343039,77.0071344068524,92.8103920022647,0.846190323677122
"55392",3,0.2632046053766,0.38747297567271,76.3689693402322,53.729291498661,1.41384126758983
"65631",3,0.385193184282851,0.385193184282851,85.0758990117289,58.0499562819799,1.47667766183985
"43471",3,-0.383973300082172,0.383973300082172,59.5369616680645,84.7035093903542,0.70539037772753
"27251",3,-0.122542727193488,0.383722204284792,85.5230589790029,88.7491206725438,0.96722417488191
"104651",1,0.38275282418657,0.38275282418657,54.3896991180478,37.0927657485008,1.46631554753358
"57491",3,0.226955601383588,0.382216247050443,56.6835429848938,39.4011220633984,1.42546120052133
"45211",3,-0.0610081065814991,0.379545875757851,86.3786459108638,83.237231751283,1.02726532749161
"21511",3,0.341972055257816,0.378931177465602,89.2392712004106,60.8001740972201,1.46243011740622
"57532",3,0.377813700807992,0.377813700807992,109.592472915769,74.6374038259188,1.4658728658891
"23191",2,0.00544264530727756,0.377330652423982,81.0024056359524,73.8418499231339,1.07788850906724
"57452",3,-0.375249451020491,0.375249451020491,105.463189567038,152.906414667765,0.689392673804562
"41653",1,0.373812002138709,0.373812002138709,74.3407377116961,51.1543271541595,1.45326391426597
"39311",3,0.363557272887613,0.37360032422348,112.541712501691,74.644425769647,1.493261914498
"77611",3,-0.371363466703004,0.371363466703004,70.7731132409284,102.83342730999,0.692484286418952
"71433",3,-0.368572351920652,0.368572351920652,70.9925410232325,101.116182883581,0.709819789888725
"31391",3,0.117738504605153,0.364725932547779,104.679025793838,83.8177996277809,1.24177539371828
"39251",3,-0.36395192120402,0.36395192120402,140.006775241648,198.505343675613,0.707390127139143
"19271",3,0.363273863148619,0.363273863148619,170.710565336222,118.135888973872,1.44341526396316
"77631",3,-0.360927780113909,0.360927780113909,79.7480428380795,112.770188570023,0.710752255191331
"41512",1,0.35815325400616,0.35815325400616,267.331723355805,186.855771303177,1.43068486186629
"29231",3,0.10092293767392,0.357326748766418,101.699168931249,86.984556555748,1.16884497580084
"13411",3,0.116521893901034,0.356515093367039,118.152648520271,101.099034925302,1.19265936336881
"75591",3,0.356165577282792,0.356165577282792,108.808687842709,75.0640265544256,1.45061432433396
"9511",3,-0.340894631912009,0.355528956021979,63.6084525307358,80.0943486690521,0.791297676385846
"35491",3,0.355170125004891,0.355170125004891,79.1455757374655,51.4096314112345,1.46884857542258
"19331",2,0.354461193156931,0.354461193156931,73.7835060499787,48.901697576046,1.50289411333765
"27291",3,0.35383134704644,0.35383134704644,145.859513905663,102.08830678463,1.43981590156232
"73651",3,-0.352876400265491,0.352876400265491,65.3766112986869,92.1479144493739,0.714303373447164
"79571",3,-0.352443045484284,0.352443045484284,38.1806639720162,53.0259051720301,0.719327750807797
"71591",3,0.351404529023498,0.351404529023498,102.328325474464,72.1189324061076,1.42316399116528
"122612",1,0.349685262978948,0.349685262978948,59.1667004556476,41.707193851471,1.41862098577895
"25571",3,0.349023157278264,0.349023157278264,118.014954215498,81.2255067626635,1.44363395299781
"49811",3,-0.177554345132296,0.346904502093035,120.704072265154,140.310366948446,0.8882131340559
"45811",3,-0.114062900908376,0.346055550565981,75.7644371171612,81.1946500142415,0.944432072281958
"29251",2,0.0731794581825342,0.345631259660295,98.2937025940678,86.1972316503525,1.14083136087448
"9251",3,0.242358879210323,0.342619213476845,119.406141210688,89.90848137935,1.32283952448949
"55711",3,-0.341636948794946,0.341636948794946,72.1799588553924,101.240128060182,0.721875324132441
"110452",3,0.340686128322777,0.340686128322777,50.6015875251727,35.5119861960411,1.430860551655
"43771",3,0.0864853794506956,0.339943692116832,89.0858216814834,77.3982795675596,1.14827158065368
"37391",3,0.338360033217683,0.338360033217683,88.3512608390718,62.5180291732152,1.41341497056267
"39551",3,-0.337422220623549,0.337422220623549,101.832387887565,141.499044299126,0.736009956998464
"116491",3,-0.247789261925204,0.334891524743795,47.8990443743455,58.4585937062899,0.832794980353989
"59631",3,0.280733494420345,0.334192104556055,59.7985812548392,43.1405624548594,1.36696195842749
"25551",3,0.0195941416349544,0.330535222249712,100.041423433172,89.7680288553238,1.10577450551271
"23411",3,-0.140910518787879,0.327978304441751,109.289105124345,118.297138770421,0.932093229192176
"27274",1,0.325872256799063,0.325872256799063,143.763562290468,103.782541692257,1.38523840278229
"63651",3,-0.323362645364575,0.323362645364575,79.6951194770206,109.569734255473,0.741027935480919
"13331",3,-0.321958147326912,0.321958147326912,99.6358511927217,135.500032226245,0.734165655849648
"51592",3,-0.321031365567723,0.321031365567723,59.4039869108786,80.4899018208186,0.737507579567795
"41491",3,-0.320807940418145,0.320807940418145,73.8082495437911,99.8133773008982,0.738658559301096
"39353",2,-0.31991282281518,0.31991282281518,60.5960083428387,83.3116323649883,0.726790677053176
"49311",3,-0.119351619529714,0.317958688018061,66.6797390260811,70.5182484785716,0.949425136711018
"47471",3,0.0978085894416029,0.316878088314666,62.1051669424078,53.7376913626989,1.15013761535728
"45313",1,0.316765077407154,0.316765077407154,115.350007876309,84.0326972007751,1.37268006048537
"43531",2,-0.121986554739305,0.314846218295444,68.684861689468,73.2710743546486,0.92939602904472
"41374",3,-0.124723219791113,0.314719969191549,83.4990742950724,89.8540955384572,0.925295308235724
"31611",3,0.312788984699777,0.312788984699777,73.0053217750668,52.5107373197873,1.38771071059285
"19553",1,0.310618610815246,0.310618610815246,106.910635721899,78.3647880554199,1.36426880458467
"47251",3,-0.158534352992675,0.310462698677966,101.104991530367,111.535260558128,0.904443533210297
"21571",3,0.310330114619064,0.310330114619064,74.1502264134068,51.2493726213773,1.44176829960789
"21611",3,-0.173180407598316,0.308640567436532,73.6408795124529,81.3274640838305,0.902940950009121
"49394",1,-0.307464279392732,0.307464279392732,41.1453798296646,55.9565739035606,0.735309132767445
"25471",3,-0.177397926412261,0.306030634821763,105.81465247571,117.971073269844,0.892290364375199
"15551",3,-0.305969826006834,0.305969826006834,70.0090277228222,91.1747261881828,0.770511450015385
"51291",3,-0.289999038817491,0.305670096367269,74.9001993523356,96.0145175457001,0.777569448262285
"53471",3,-0.0173540624404568,0.303681797240542,74.1604442106433,71.6654283205668,1.03286638941453
"75691",3,-0.302774092885036,0.302774092885036,38.5610317366478,51.9205441872279,0.744746785615099
"17551",3,-0.214714919819632,0.301812640247268,95.4115804116415,110.491749684016,0.866669942121854
"83491",3,0.0787289065973601,0.300981623043697,66.0569934010326,57.9118629495303,1.13322638009685
"11451",3,-0.245615546610656,0.299728846132304,111.342643133361,134.183356801669,0.841792274219727
"75491",3,-0.239585696412232,0.298182874895229,58.7732505066723,69.5888711214066,0.845787916384074
"49571",3,0.25379453494139,0.297688132511533,215.477591611903,162.678862253825,1.32371812913533
"43831",3,0.297557060446872,0.297557060446872,81.5983782816072,60.0066297054291,1.35184712050047
"80691",3,-0.293515426186401,0.293515426186401,60.4248569186668,80.6199005444845,0.749004734854465
"15474",1,0.293160533584778,0.293160533584778,99.4660081792469,74.1919330954552,1.34065799379124
"45251",3,-0.293153959596881,0.293153959596881,61.6661282066191,81.5863470633825,0.759025175492765
"53671",3,-0.138185127986249,0.292242464868678,102.617272575019,115.285065293312,0.911389516834575
"79551",3,0.162633108182385,0.292101318389616,57.9312847612611,47.2602943579356,1.21341644111044
"37274",1,0.290507505058703,0.290507505058703,101.309013269585,75.7673816084862,1.33710590387141
"125551",2,0.29001813433004,0.29001813433004,62.6566096130345,46.3512904942036,1.35124966136577
"13611",3,-0.289299775229928,0.289299775229928,60.091592292629,77.313730597496,0.770362796400083
"35331",3,0.289051940046528,0.289051940046528,93.3261777886245,68.8560628493627,1.3549653771641
"57711",3,0.16307683476194,0.288254528012738,118.159873115736,100.28617366155,1.26485252243703
"31731",3,0.287405294845699,0.287405294845699,91.1125020799054,67.6606663862864,1.34171579580201
"43672",1,0.287024272039972,0.287024272039972,79.4645014917119,59.6375928521156,1.33245655452193
"31552",1,0.285671730809954,0.285671730809954,95.2647626592194,71.5923525094986,1.33065557032198
"65491",3,0.012562391910758,0.285615035463266,91.7674122265083,86.3794728914897,1.06596052923606
"65431",3,0.116977119092287,0.284906016102177,85.7835514517109,74.0840793450673,1.1759255238533
"41571",3,0.0211072846110663,0.282990305424927,100.804450502503,95.6286292274793,1.06378692449214
"49791",3,-0.278990903765957,0.278990903765957,77.4979113185048,101.376179615657,0.765834956062557
"51651",3,0.274342369317608,0.278613765162634,107.234184162045,80.8417358398438,1.35537562889377
"43691",3,0.0269842471884596,0.277132899995398,111.700590533516,102.802210489909,1.06696424339954
"104531",3,-0.0988552117778411,0.277092423959348,71.4429954027643,75.229974548022,0.938479656170293
"61351",3,0.252444484622973,0.275376809508835,59.9070616209171,45.3422917922338,1.31557404349891
"83571",3,0.274414660834317,0.274414660834317,74.1333766791231,55.9121153155963,1.32448565236768
"67631",3,-0.264080990148752,0.274192787057194,92.8578861052419,118.584439754486,0.787176098373467
"13551",3,0.272771157098191,0.272771157098191,116.271427051679,88.4391674002012,1.31603393519711
"57353",1,0.272657449505438,0.272657449505438,80.2654076241358,61.1103526353836,1.31345024472435
"9331",3,-0.0924823058639417,0.272403267633581,82.6387350866866,88.8929439783096,0.945773259718776
"128611",3,0.128701003047,0.271796896102558,62.7901534347145,53.7252022822698,1.16998225098254
"113392",3,0.176270862145451,0.270601128000183,55.1510011787617,45.1405743956566,1.22148154059617
"49511",3,-0.27004776117827,0.27004776117827,56.7749801026785,73.5093746185303,0.772214338908813
"92531",3,0.26980988726163,0.26980988726163,54.5976898202908,41.6135137875875,1.31132761711236
"69553",1,-0.268746758667727,0.268746758667727,81.6978917115311,106.88729429245,0.764336792809077
"89391",3,0.268505744958243,0.268505744958243,44.1099079784602,33.5609802703063,1.31238637768721
"27554",1,-0.268016535534652,0.268016535534652,63.029035063597,82.4021912813187,0.764895133048316
"5333",3,0.066119089624368,0.266492782030444,111.419714581907,100.625874261061,1.10891204389486
"61391",3,0.0745037259631844,0.266287809840219,115.473212602644,101.72260538737,1.13032685056483
"19573",2,-0.264480801832196,0.264480801832196,54.9781571438442,69.0475525259972,0.788407120983629
"53512",3,-0.147182472528065,0.263634412778567,75.4832830790366,84.9358859062195,0.890315393531645
"29391",3,0.00676358856369852,0.263542066350054,88.7331050603021,83.8759382367134,1.05397320003959
"43411",3,0.0380862457527392,0.261589538593667,102.760026671555,93.841593503952,1.09239387069566
"33551",2,0.00910122842605299,0.260456375158381,109.693677316498,104.362302958965,1.04356558192114
"45411",3,-0.259768558691844,0.259768558691844,70.4842688754944,89.904391169548,0.788410919661769
"83672",1,-0.249874000410385,0.249874000410385,62.8264970473399,80.6606552004814,0.778898917832804
"69651",3,-0.0629354084373261,0.248835984257178,99.2541513413497,103.832963307699,0.9795925650915
"27531",3,-0.248720214034509,0.248720214034509,89.7164751566222,114.591494838397,0.780408147611418
"51331",3,-0.112310720902496,0.248540421841231,91.9565530005717,101.624630749226,0.92102792224537
"35393",1,0.24826609323549,0.24826609323549,84.0350800984144,65.5601629018784,1.28180096538483
"25671",3,0.248185413601042,0.248185413601042,139.233362426445,105.487865487734,1.31523179506006
"61511",3,0.192066025087316,0.245804834077879,92.5587898893629,77.2990640203158,1.23853771751463
"37531",3,-0.245747090819652,0.245747090819652,79.7463372935651,101.854179501534,0.78295631571053
"57551",3,0.0135237150618193,0.245721449592719,51.9040953398714,49.0984628399213,1.0509091846982
"113473",2,-0.0736347970921716,0.24433408228295,88.0626377395317,92.5981224179268,0.956879719772149
"13452",3,-0.241892100533373,0.241892100533373,136.591213583292,172.349168340365,0.795355076800785
"25651",3,-0.121092733205009,0.240050060411684,75.7284738909503,80.854144235452,0.92408785617098
"23331",2,0.0877786661135427,0.239460331785957,93.5326764198475,83.0139182507992,1.1231973645783
"53311",1,0.23817975580345,0.23817975580345,88.9230135820742,70.0767607688904,1.2689372711638
"107632",3,-0.235014530580786,0.235014530580786,86.7289692057105,110.341951747735,0.800205249802556
"35372",1,0.234576742543785,0.234576742543785,104.777564059899,82.8691554069519,1.26437349995134
"27394",3,0.0126862765139884,0.234286453771736,115.468650008832,113.565901319186,1.04764958853763
"31514",3,0.179464271145002,0.231861139527296,56.886404511596,46.9170591036479,1.21610333780012
"17571",3,-0.107300349281805,0.230788966903588,75.5094668010548,81.6852506796519,0.921161892431078
"21291",3,0.230286202332807,0.230286202332807,135.515753475542,106.524177789688,1.27020535014872
"61571",2,0.00427131364461841,0.228957445897108,123.733812334207,119.458202660084,1.0307185903759
"92571",3,0.226702552460062,0.226702552460062,59.1991250957476,47.1520456870397,1.25483196715457
"23431",3,-0.223903885558312,0.223903885558312,68.4744403398653,85.6958962877591,0.799459223911903
"37451",3,0.222945670687237,0.222945670687237,101.143414131779,80.3190050919851,1.26568152542359
"73612",3,-0.219264593269886,0.219264593269886,61.3172783772493,76.0569147467613,0.806238025248877
"29734",3,-0.211921667634975,0.211921667634975,79.7067250123122,97.8616480827332,0.813451761658805
"29274",3,0.20639260395784,0.20639260395784,55.9490882813887,45.6115180253983,1.23451784151427
"49431",3,0.167190020631003,0.205659486573456,85.893962823686,71.2040330966314,1.19647052249108
"27674",3,0.0665170153592141,0.204211013829215,64.6011089237844,59.1532920598984,1.0879116610479
"47552",3,-0.0364125240634679,0.203738555406868,102.665335722822,105.010919094086,0.993961822903517
"15393",1,-0.19997156362664,0.19997156362664,106.457272873267,130.023509263992,0.818754035142385
"79491",3,-0.0318031859534516,0.188707527492005,57.1630148644703,57.0974212288857,0.993091995048726
"33312",1,0.187955084013577,0.187955084013577,82.8948533553563,68.6909798979759,1.20677931044916
"53691",2,-0.0490707276883668,0.187804093887049,102.234586843483,105.299579322338,0.968953902203298
"33611",3,0.139125003548032,0.186774730922584,104.274562908739,89.9107899069786,1.16203993612042
"53711",3,-0.185291499317655,0.185291499317655,48.6505991034224,58.3169545729955,0.840320702590676
"53751",3,-0.06564165850009,0.182222480391253,83.2775504589845,86.8372086286545,0.956410782584744
"19531",2,0.0248289830629722,0.181603801062543,68.0105806198791,65.2729808986187,1.04209082421278
"119353",3,-0.0266597126825137,0.180163812790339,46.5371976245486,46.9987937808037,0.993773769694296
"11351",3,-0.023997891035903,0.179757625081049,143.432970405062,146.028949479262,0.999266697248003
"47633",3,-0.142772887205637,0.177684104335144,63.7331117065522,72.1998715400696,0.88101505656912
"37371",3,-0.177123267653616,0.177123267653616,73.8395360111522,87.4999259710312,0.842275678883601
"45192",1,-0.174140017664101,0.174140017664101,60.5971651715512,72.1240916252136,0.840179249486273
"47791",3,0.170626622482421,0.170626622482421,83.768607456644,70.1753162344297,1.18990677667617
"49672",3,0.169558733666271,0.169558733666271,59.9572502477385,50.0559605757395,1.19530768085654
"61751",3,0.169127460665922,0.169127460665922,55.3412123082616,46.5691801309586,1.1859502334018
"17531",3,0.06057892055669,0.161769699796705,103.804624569412,95.3188178340594,1.08421369477391
"9291",3,0.0895376729411431,0.160358307919651,97.3971560172988,89.0019019444783,1.10813350663749
"41711",3,-0.127193963536419,0.159276828550426,67.8226825644322,75.6132979989052,0.899876346254112
"41192",1,0.158803304437189,0.158803304437189,87.4894053140337,74.6428246498108,1.17210737568538
"71671",3,-0.101867501088714,0.157179182390371,73.8014229077416,81.3901803294818,0.91167266228989
"39273",1,0.154687123250256,0.154687123250256,87.4984621616514,74.9584600925446,1.16729268522359
"43333",3,-0.153463330411586,0.153463330411586,77.262611115766,89.1101615826289,0.863074997419537
"89433",1,-0.152640004865918,0.152640004865918,57.7838652863228,67.31274497509,0.858438699947632
"39191",2,-0.0522637241195483,0.147791794439018,78.2395156006673,81.3486484885216,0.959462502634496
"83591",1,0.14721006315656,0.14721006315656,76.1061534307822,65.6881837844849,1.1585973160786
"63491",3,-0.144108142106768,0.144108142106768,61.7458172810513,70.536679148674,0.872016973320006
"45491",3,-0.0888792709838538,0.143977271749287,79.9118616940027,85.9981339375178,0.921998452830064
"39814",3,0.00435363796500028,0.143131113968295,51.4391137835078,50.0016442338626,1.0188936000539
"55592",3,-0.142537092699864,0.142537092699864,81.7284830140554,93.4032429854075,0.874455191015308
"45371",1,0.141816341894927,0.141816341894927,133.376961513962,115.741941928864,1.15236498793097
"73471",3,-0.122961913138068,0.139869048977094,38.0744991211345,42.6483060121536,0.889289568790352
"29491",3,0.0299251456849519,0.13760943640809,107.673895903333,103.374974091848,1.04157686189812
"116371",3,0.135986960390266,0.135986960390266,41.2670338810567,35.9294672409693,1.14918370432491
"131591",3,-0.106790789714515,0.133964512817014,89.2065397612787,98.522736509641,0.90645184987201
"81573",3,-0.0765381474187675,0.133568029812112,63.3467733439881,67.3007006843885,0.937477839954905
"119391",1,-0.131479051218402,0.131479051218402,44.5412822701678,50.7999566793442,0.87679764278773
"43791",1,-0.128943946004124,0.128943946004124,86.2641772323167,98.1364014148712,0.879023236929539
"31371",3,-0.128041370121735,0.128041370121735,54.8363452958659,62.44835293293,0.885835412662685
"19653",1,0.127233971144538,0.127233971144538,104.537710441532,92.0483424663544,1.13568270368087
"110371",3,0.00491754224708824,0.119344963503101,66.1525678826685,64.9526862303416,1.01305024672431
"59671",1,-0.11686133403191,0.11686133403191,92.0714048569885,103.484904289246,0.889708556908399
"79631",3,-0.114681096337847,0.114681096337847,61.0437692046357,68.6202344298363,0.895367768792638
"37491",3,0.07727723449577,0.110997166230308,66.2516913751568,61.3197528918584,1.08716340497455
"3293",3,-0.0130594461443563,0.108844926825155,64.7059278036001,65.0907669862111,0.993777573383962
"25311",3,0.108148065069113,0.108148065069113,118.392160795392,106.090647379557,1.1173943440583
"107551",3,0.105905873448856,0.105905873448856,66.5867138542775,60.1304979721705,1.12001667184946
"51493",1,-0.105482216666412,0.105482216666412,59.6926472837167,66.3332359790802,0.899890475757013
"67574",3,0.0241014761785786,0.0964024090223094,63.7061647720166,62.0522077679634,1.02884800148632
"39751",3,0.0155152689086568,0.0916983925449513,104.676024520631,102.247645258904,1.02161089639763
"81671",3,0.0626636758674066,0.0901866561928129,58.3306719931759,54.3362453977267,1.07227931632268
"75453",2,-0.0831714966977475,0.0831714966977475,77.3976172453752,83.9188022613525,0.922478342267925
"45734",1,-0.0806284856418937,0.0806284856418937,66.9562183179716,72.578405559063,0.922536363291749
"57371",1,0.0773881563703176,0.0773881563703176,101.46187800526,93.9060660600662,1.08046138297776
"37333",1,0.0615749140198041,0.0615749140198041,87.7625855733004,82.5216236114502,1.0635101653662
"35531",3,0.00776739993337028,0.0452249885400168,117.869953258071,116.691317915916,1.00919054871564
"65691",2,0.00252368211743503,0.0372731262705188,60.5445713376253,60.394912481308,1.00322334815512
"71613",1,-0.0337119809169986,0.0337119809169986,73.3251978769033,75.8392747044563,0.966849935770743
"37691",1,-0.0246532585117976,0.0246532585117976,89.1372205080384,91.3620554804802,0.975648151076054
"37472",1,0.0135085754540336,0.0135085754540336,63.3021740173309,62.4528016448021,1.01360022849511
"29312",1,-0.0115534321221622,0.0115534321221622,67.7136918742878,68.5005541443825,0.98851305248661
"35774",1,0.0113068990679723,0.0113068990679723,112.410870900088,111.147011160851,1.01137106365738
"49453",1,-0.0106992770745036,0.0106992770745036,89.6122410384997,90.576174736023,0.989357756602853
"19592",1,-0.00519774368670944,0.00519774368670944,128.449639618938,129.119026064873,0.994815741209212
