"model","period","history","inputs","climate","total"
"SP1","1917-1984",6.17,0,0,6.17
"SP1","1985-2024",4.02,11.04,-9.68,5.38
"SP1","2025-2084",0.83,5.3,-6.2,-0.07
"TP2","1917-1984",13.34,0,0,13.34
"TP2","1985-2024",13.34,6.98,-6.14,14.19
"TP2","2025-2084",11.8,7.83,-9.22,10.4
"TP3","1917-1984",13.33,0,0,13.33
"TP3","1985-2024",13.45,6.87,-6.22,14.11
"TP3","2025-2084",12.32,7.73,-9.28,10.76
"Yasso07","1917-1984",13.92,0,0,13.92
"Yasso07","1985-2024",10.42,7.72,-6.68,11.46
"Yasso07","2025-2084",5.24,5.28,-5.95,4.57
"Yasso15","1917-1984",13.27,0,0,13.27
"Yasso15","1985-2024",8.4,8.5,-6.2,10.7
"Yasso15","2025-2084",3.05,4.53,-3.26,4.32
"Yasso20","1917-1984",10.95,0,0,10.95
"Yasso20","1985-2024",6.35,7.93,-7.26,7.02
"Yasso20","2025-2084",2.3,3.43,-2.15,3.58
"average","1917-1984",11.83,0,0,11.83
"average","1985-2024",9.33,8.17,-7.03,10.48
"average","2025-2084",5.92,5.68,-6.01,5.59
