"model","arm","n_free","ll_max","ll_median","rmse_calib","rmse_holdout","bias_calib","sigma_input","sigma_init","mtt","rate_85_06","rate_06_24","rate_85_24","sink_25_44","headroom_pct","dLL"
"SP1","prod",6,-948.094022081655,-950.035627374342,46.2758815521916,46.9824360060514,1.86569603330869,1.26852914793489,0.842371525047005,23.2678741754355,0.513686109020519,-0.242034818775788,0.128047218764882,-0.000375704742755545,0.56047307739906,0
"SP1","eq",5,-947.940632143698,-949.48928379,46.7112061120415,47.3718238859839,1.89442166684179,1.28867384814974,1,22.3949790016961,0.381367670800464,-0.31675001192027,0.0208896631931126,-0.0296751763681261,-0.821263967738128,0.153389937957854
"TP2","prod",7,-954.091822426905,-966.28814167257,48.6402071880825,48.4952176100574,1.0814010296527,1.72341944366025,0.502289041819099,23.0363605310077,0.513014389410804,0.193667858527836,0.347943589907823,0.2222067586374,26.0607494036868,0
"TP2","eq",6,-953.422800487447,-966.315352098604,49.969420475683,50.8362043878847,1.32070599645209,1.60439937939336,1,18.2613839661054,0.18433460792038,-0.182830830225816,-0.00221549364355346,-0.0526529077138004,-2.48132703649188,0.669021939458162
"TP3","prod",9,-954.587793851621,-967.14254181539,48.7463552336726,48.6302947169035,0.982480657319649,1.72907393779596,0.487842844246386,23.6565639380815,0.499614647259094,0.178192112019976,0.334472272920554,0.208543313138949,27.3681277501417,0
"TP3","eq",8,-954.456753401162,-967.392313357312,50.5200669756322,51.5719744883398,1.98881455760825,1.60298253532054,1,18.2628574926896,0.183702637191947,-0.190085975950019,-0.0092016659293925,-0.0586653997728963,-2.6536614001498,0.131040450459182
"Yasso07","prod",20,-948.586872950119,-957.017004843293,48.3878667635752,48.0145815115067,2.13000830609647,1.59033184218773,0.52308965629985,24.6184358564162,0.520992541565003,0.0111422012321474,0.259880816267656,0.10568850201152,27.3104612979654,0
"Yasso07","eq",19,-951.02516676048,-961.830800953762,50.4806516374828,50.1808771864252,2.67156555219481,1.51982523648857,1,19.5399137928256,0.206810594942644,-0.199572453525639,-0.00114364309212131,-0.0208771010003343,-0.71217737250906,-2.43829381036119
"Yasso15","prod",26,-950.789665321023,-960.362240611614,49.6927010377862,46.8954621611702,3.28108101410472,1.53770868321765,0.543696914171852,27.108065203165,0.55773259585482,-0.0501358320195707,0.244620283087351,0.0983325312553898,41.5781505802728,0
"Yasso15","eq",25,-956.637390999307,-967.512533112347,53.2374986500744,48.915080062735,5.21418429235529,1.32356118642686,1,24.5232766874262,0.257646501914455,-0.162094592362615,0.0400741241193304,0.0222977294678977,10.6602500442188,-5.84772567828395
"Yasso20","prod",26,-946.515668550239,-952.054352763221,48.524683726094,47.1454133907906,1.3415408004773,1.6566583528239,0.586966157984312,22.4076628195339,0.41012405663747,-0.189589517806654,0.096348756733677,0.070850349521908,34.7139480138522,0
"Yasso20","eq",25,-949.448740074956,-956.568059502125,52.3001079161585,49.698747503913,4.91895173412478,1.53645680166565,1,19.4238704042885,0.178189967292943,-0.25284189635737,-0.0453571914936793,0.0225569666286489,6.90122227290386,-2.93307152471721
"observed","",NA,NA,NA,NA,NA,NA,NA,NA,NA,0.398755203122921,0.117238629069194,0.258940618238869,NA,NA,NA
